symbolCode,month,accountingYearMonthNumber,issueName,issuerServicesGroupExchangeCode,marketClassCode,currentShortPositionQuantity,previousShortPositionQuantity,stockSplitFlag,averageDailyVolumeQuantity,daysToCoverQuantity,revisionFlag,changePercent,changePreviousNumber,settlementDate
AMC,2017-12-01,20171229,"AMC Entertainment Holdings, In",A,NYSE,20259697,17828696,,2624537,7.72,,13.64,2431001,2017-12-29
AMC,2018-01-01,20180131,"AMC Entertainment Holdings, In",A,NYSE,18020489,20081343,,1874317,9.61,,-10.26,-2060854,2018-01-31
AMC,2018-02-01,20180228,"AMC Entertainment Holdings, In",A,NYSE,17696285,16803128,,2184751,8.1,,5.32,893157,2018-02-28
AMC,2018-03-01,20180315,"AMC Entertainment Holdings, In",A,NYSE,17165872,17696285,,1852036,9.27,,-3.0,-530413,2018-03-15
AMC,2018-05-01,20180531,"AMC ENTERTAINMENT HOLDINGS, IN",A,NYSE,14390257,14791035,,1457745,9.87,,-2.71,-400778,2018-05-31
AMC,2018-06-01,20180629,"AMC ENTERTAINMENT HOLDINGS, IN",A,NYSE,12431492,13619867,,1575409,7.89,,-8.73,-1188375,2018-06-29
AMC,2018-07-01,20180731,"AMC ENTERTAINMENT HOLDINGS, IN",A,NYSE,14309742,12828248,,1615217,8.86,R,11.55,1481494,2018-07-31
AMC,2018-08-01,20180831,"AMC ENTERTAINMENT HOLDINGS, IN",A,NYSE,12272626,14583303,,1557485,7.88,,-15.84,-2310677,2018-08-31
AMC,2018-09-01,20180928,"AMC ENTERTAINMENT HOLDINGS, IN",A,NYSE,11409687,11301181,,2070578,5.51,,0.96,108506,2018-09-28
AMC,2018-10-01,20181031,"AMC ENTERTAINMENT HOLDINGS, IN",A,NYSE,10800877,10297346,,1948065,5.54,,4.89,503531,2018-10-31
AMC,2018-11-01,20181130,"AMC ENTERTAINMENT HOLDINGS, IN",A,NYSE,9411793,10728749,,1847066,5.1,,-12.28,-1316956,2018-11-30
AMC,2018-12-01,20181231,"AMC ENTERTAINMENT HOLDINGS, IN",A,NYSE,8989792,9477334,,1385825,6.49,,-5.14,-487542,2018-12-31
AMC,2019-01-01,20190131,"AMC ENTERTAINMENT HOLDINGS, IN",A,NYSE,11161700,9105685,,904177,12.34,,22.58,2056015,2019-01-31
AMC,2019-02-01,20190228,"AMC ENTERTAINMENT HOLDINGS, IN",A,NYSE,10866220,9902472,,1552710,7.0,,9.73,963748,2019-02-28
AMC,2019-03-01,20190329,"AMC ENTERTAINMENT HOLDINGS, IN",A,NYSE,8633749,9655863,,1471976,5.87,,-10.59,-1022114,2019-03-29
AMC,2019-04-01,20190430,"AMC ENTERTAINMENT HOLDINGS, IN",A,NYSE,9759225,8802857,,1705860,5.72,,10.86,956368,2019-04-30
AMC,2019-05-01,20190531,"AMC ENTERTAINMENT HOLDINGS, IN",A,NYSE,11150210,11936861,,1648191,6.77,,-6.59,-786651,2019-05-31
AMC,2019-06-01,20190628,"AMC ENTERTAINMENT HOLDINGS, IN",A,NYSE,11819595,11949987,,2447821,4.83,R,-1.09,-130392,2019-06-28
AMC,2019-07-01,20190731,"AMC ENTERTAINMENT HOLDINGS, IN",A,NYSE,14910612,13381021,,3426297,4.35,,11.43,1529591,2019-07-31
AMC,2019-08-01,20190830,"AMC ENTERTAINMENT HOLDINGS, IN",A,NYSE,15531089,14627540,,1859401,8.35,,6.18,903549,2019-08-30
AMC,2019-09-01,20190930,"AMC ENTERTAINMENT HOLDINGS, IN",A,NYSE,17140758,16224896,,1872560,9.15,,5.64,915862,2019-09-30
AMC,2019-10-01,20191031,"AMC ENTERTAINMENT HOLDINGS, IN",A,NYSE,21029583,19147776,,1990462,10.57,,9.83,1881807,2019-10-31
AMC,2019-11-01,20191129,"AMC ENTERTAINMENT HOLDINGS, IN",A,NYSE,28577618,23914104,,4909128,5.82,,19.5,4663514,2019-11-29
AMC,2019-12-01,20191231,"AMC ENTERTAINMENT HOLDINGS, IN",A,NYSE,29555936,28596263,,3932394,7.52,,3.36,959673,2019-12-31
AMC,2020-01-01,20200131,"AMC ENTERTAINMENT HOLDINGS, IN",A,NYSE,28212015,29054647,,2051380,13.75,,-2.9,-842632,2020-01-31
AMC,2020-02-01,20200228,"AMC ENTERTAINMENT HOLDINGS, IN",A,NYSE,24933820,27749793,,4395522,5.67,,-10.15,-2815973,2020-02-28
AMC,2020-03-01,20200331,"AMC ENTERTAINMENT HOLDINGS, IN",A,NYSE,18985259,22074612,,5901957,3.22,,-14.0,-3089353,2020-03-31
AMC,2020-04-01,20200430,"AMC ENTERTAINMENT HOLDINGS, IN",A,NYSE,21877408,24185611,,10603680,2.06,,-9.54,-2308203,2020-04-30
AMC,2020-05-01,20200529,"AMC ENTERTAINMENT HOLDINGS, IN",A,NYSE,20296533,22635737,,4976428,4.08,R,-10.33,-2339204,2020-05-29
AMC,2020-06-01,20200630,"AMC ENTERTAINMENT HOLDINGS, IN",A,NYSE,17737420,15896168,,6280921,2.82,,11.58,1841252,2020-06-30
AMC,2020-07-01,20200731,"AMC ENTERTAINMENT HOLDINGS, IN",A,NYSE,17601239,16665023,,3043253,5.78,,5.62,936216,2020-07-31
AMC,2020-08-01,20200831,"AMC ENTERTAINMENT HOLDINGS, IN",A,NYSE,17759866,16950844,,9151188,1.94,,4.77,809022,2020-08-31
AMC,2020-09-01,20200930,"AMC ENTERTAINMENT HOLDINGS, IN",A,NYSE,21496546,21886971,,3138249,6.85,,-1.78,-390425,2020-09-30
AMC,2020-10-01,20201030,"AMC ENTERTAINMENT HOLDINGS, IN",A,NYSE,23890070,22321937,,12731999,1.88,,7.03,1568133,2020-10-30
AMC,2020-11-01,20201130,"AMC ENTERTAINMENT HOLDINGS, IN",A,NYSE,33513585,29260504,,26002367,1.29,,14.54,4253081,2020-11-30
AMC,2020-12-01,20201231,"AMC ENTERTAINMENT HOLDINGS, IN",A,NYSE,38993059,38083639,,20697894,1.88,,2.39,909420,2020-12-31
AMC,2021-01-01,20210129,"AMC ENTERTAINMENT HOLDINGS, IN",A,NYSE,37716302,44671962,,390644584,1.0,,-15.57,-6955660,2021-01-29
AMC,2021-02-01,20210226,"AMC ENTERTAINMENT HOLDINGS, IN",A,NYSE,55490440,48134561,,170187693,1.0,,15.28,7355879,2021-02-26
AMC,2021-03-01,20210331,"AMC ENTERTAINMENT HOLDINGS, IN",A,NYSE,73824070,49306459,,85845893,1.0,,49.72,24517611,2021-03-31
AMC,2021-04-01,20210430,"AMC ENTERTAINMENT HOLDINGS, IN",A,NYSE,87551755,93888195,,37214815,2.35,,-6.75,-6336440,2021-04-30
AMC,2021-05-01,20210528,"AMC ENTERTAINMENT HOLDINGS, IN",A,NYSE,102303320,94577063,,194737611,1.0,,8.17,7726257,2021-05-28
AMC,2021-06-01,20210630,"AMC ENTERTAINMENT HOLDINGS, IN",A,NYSE,75479862,85076339,,142292531,1.0,R,-11.28,-9596477,2021-06-30
AMC,2021-07-01,20210730,"AMC ENTERTAINMENT HOLDINGS, IN",A,NYSE,85845513,79747897,,98418632,1.0,,7.65,6097616,2021-07-30
AMC,2021-08-01,20210831,"AMC ENTERTAINMENT HOLDINGS, IN",A,NYSE,95943759,92417118,,105520739,1.0,,3.82,3526641,2021-08-31
AMC,2021-09-01,20210930,"AMC ENTERTAINMENT HOLDINGS, IN",A,NYSE,91042415,97130969,,54969157,1.66,,-6.27,-6088554,2021-09-30
AMC,2021-10-01,20211029,"AMC ENTERTAINMENT HOLDINGS, IN",A,NYSE,94637512,92239378,,35552514,2.66,,2.6,2398134,2021-10-29
AMC,2021-11-01,20211130,"AMC ENTERTAINMENT HOLDINGS, IN",A,NYSE,83406245,87462304,,26730397,3.12,,-4.64,-4056059,2021-11-30
AMC,2021-12-01,20211231,"AMC ENTERTAINMENT HOLDINGS, IN",A,NYSE,94750342,96700247,,48096118,1.97,,-2.02,-1949905,2021-12-31
AMC,2022-01-01,20220131,"AMC ENTERTAINMENT HOLDINGS, IN",A,NYSE,107800655,97034798,,55478718,1.94,,11.09,10765857,2022-01-31
AMC,2022-02-01,20220228,"AMC ENTERTAINMENT HOLDINGS, IN",A,NYSE,101327657,104191445,,41096878,2.47,,-2.75,-2863788,2022-02-28
AMC,2022-03-01,20220331,"AMC ENTERTAINMENT HOLDINGS, IN",A,NYSE,101419084,104488090,,95444345,1.06,,-2.94,-3069006,2022-03-31
AMC,2022-04-01,20220429,"AMC ENTERTAINMENT HOLDINGS, IN",A,NYSE,100632363,99746843,,26133873,3.85,,0.89,885520,2022-04-29
AMC,2022-05-01,20220531,"AMC ENTERTAINMENT HOLDINGS, IN",A,NYSE,109829044,108869404,,55341780,1.98,,0.88,959640,2022-05-31
AMC,2022-06-01,20220630,"AMC ENTERTAINMENT HOLDINGS, IN",A,NYSE,101375089,113005857,,40389287,2.51,,-10.29,-11630768,2022-06-30
AMC,2022-07-01,20220729,"AMC ENTERTAINMENT HOLDINGS, IN",A,NYSE,95091742,96155658,,33099933,2.87,,-1.11,-1063916,2022-07-29
AMC,2022-08-01,20220831,"AMC ENTERTAINMENT HOLDINGS, IN",A,NYSE,102882941,89152605,,56850037,1.81,,15.4,13730336,2022-08-31
AMC,2022-09-01,20220930,"AMC ENTERTAINMENT HOLDINGS, IN",A,NYSE,98918241,100011800,,25448389,3.89,,-1.09,-1093559,2022-09-30
AMC,2022-10-01,20221031,"AMC ENTERTAINMENT HOLDINGS, IN",A,NYSE,101835976,104360202,,19486818,5.23,,-2.42,-2524226,2022-10-31
AMC,2022-11-01,20221130,"AMC ENTERTAINMENT HOLDINGS, IN",A,NYSE,100109744,111534852,,22508104,4.45,,-10.24,-11425108,2022-11-30
AMC,2022-12-01,20221230,"AMC ENTERTAINMENT HOLDINGS, IN",A,NYSE,113442490,108487434,,27793689,4.08,,4.57,4955056,2022-12-30
AMC,2023-01-01,20230131,"AMC ENTERTAINMENT HOLDINGS, IN",A,NYSE,118266052,116364530,,33924264,3.49,,1.63,1901522,2023-01-31
AMC,2023-02-01,20230228,"AMC ENTERTAINMENT HOLDINGS, IN",A,NYSE,125961266,131637788,,62942093,2.0,,-4.31,-5676522,2023-02-28
AMC,2023-03-01,20230331,"AMC ENTERTAINMENT HOLDINGS, IN",A,NYSE,138836691,127209002,,27747225,5.0,,9.14,11627689,2023-03-31
AMC,2023-04-01,20230428,"AMC ENTERTAINMENT HOLDINGS, IN",A,NYSE,134013830,137465578,,17671690,7.58,,-2.51,-3451748,2023-04-28
AMC,2023-05-01,20230531,"AMC ENTERTAINMENT HOLDINGS, IN",A,NYSE,116800869,105904796,,13319845,8.77,R,10.29,10896073,2023-05-31
AMC,2023-06-01,20230630,"AMC ENTERTAINMENT HOLDINGS, IN",A,NYSE,148695965,122085549,,20290947,7.33,,21.8,26610416,2023-06-30
AMC,2023-07-01,20230731,"AMC ENTERTAINMENT HOLDINGS, IN",A,NYSE,137785569,150001144,,55196616,2.5,,-8.14,-12215575,2023-07-31
AMC,2023-08-01,20230831,"AMC ENTERTAINMENT HOLDINGS, IN",A,NYSE,23211862,150955613,S,21407327,1.08,,-84.62,-127743751,2023-08-31
AMC,2023-09-01,20230929,"AMC ENTERTAINMENT HOLDINGS, IN",A,NYSE,17160338,22146199,,17979417,1.0,,-22.51,-4985861,2023-09-29
AMC,2023-10-01,20231031,"AMC ENTERTAINMENT HOLDINGS, IN",A,NYSE,18524828,15402984,,16505451,1.12,,20.27,3121844,2023-10-31
AMC,2023-11-01,20231130,"AMC ENTERTAINMENT HOLDINGS, IN",A,NYSE,22600273,22796630,,18228674,1.24,R,-0.86,-196357,2023-11-30
AMC,2023-12-01,20231229,"AMC ENTERTAINMENT HOLDINGS, IN",A,NYSE,23283624,18302923,,18149342,1.28,,27.21,4980701,2023-12-29
AMC,2024-01-01,20240131,"AMC ENTERTAINMENT HOLDINGS, IN",A,NYSE,28620993,24104314,,13121389,2.18,,18.74,4516679,2024-01-31
AMC,2024-02-01,20240229,"AMC ENTERTAINMENT HOLDINGS, IN",A,NYSE,31750252,29359675,,14615808,2.17,,8.14,2390577,2024-02-29
AMC,2024-03-01,20240328,"AMC ENTERTAINMENT HOLDINGS, IN",A,NYSE,42191492,36329391,,13274758,3.18,,16.14,5862101,2024-03-28
AMC,2024-04-01,20240430,"AMC ENTERTAINMENT HOLDINGS, IN",A,NYSE,55449039,50685424,,19942711,2.78,,9.4,4763615,2024-04-30
AMC,2024-05-01,20240531,"AMC ENTERTAINMENT HOLDINGS, IN",A,NYSE,58201931,56731489,,65038643,1.0,,2.59,1470442,2024-05-31
AMC,2024-06-01,20240628,"AMC ENTERTAINMENT HOLDINGS, IN",A,NYSE,53873669,52945480,,23654709,2.28,,1.75,928189,2024-06-28
AMC,2024-07-01,20240731,"AMC ENTERTAINMENT HOLDINGS, IN",A,NYSE,51900469,53744937,,19306368,2.69,,-3.43,-1844468,2024-07-31
AMC,2024-08-01,20240830,"AMC ENTERTAINMENT HOLDINGS, IN",A,NYSE,50656601,51247216,,8077030,6.27,,-1.15,-590615,2024-08-30
AMC,2024-09-01,20240930,"AMC ENTERTAINMENT HOLDINGS, IN",A,NYSE,57177199,50439747,,11129825,5.14,,13.36,6737452,2024-09-30
AMC,2024-10-01,20241031,"AMC ENTERTAINMENT HOLDINGS, IN",A,NYSE,48610057,52759376,,5988686,8.12,,-7.86,-4149319,2024-10-31
AMC,2024-11-01,20241129,"AMC ENTERTAINMENT HOLDINGS, IN",A,NYSE,49455853,49811860,,14254701,3.47,,-0.71,-356007,2024-11-29
AMC,2024-12-01,20241231,"AMC ENTERTAINMENT HOLDINGS, IN",A,NYSE,48723373,53045291,,14936634,3.26,,-8.15,-4321918,2024-12-31
AMC,2025-01-01,20250131,"AMC ENTERTAINMENT HOLDINGS, IN",A,NYSE,37768952,46280261,,10148410,3.72,,-18.39,-8511309,2025-01-31
AMC,2025-02-01,20250228,"AMC ENTERTAINMENT HOLDINGS, IN",A,NYSE,37924295,37539547,,10673953,3.55,,1.02,384748,2025-02-28
AMC,2025-03-01,20250331,"AMC ENTERTAINMENT HOLDINGS, IN",A,NYSE,48494766,39225652,,7655672,6.33,,23.63,9269114,2025-03-31
AMC,2025-04-01,20250430,"AMC ENTERTAINMENT HOLDINGS, IN",A,NYSE,62494313,58484560,,6772004,9.23,,6.86,4009753,2025-04-30
AMC,2025-05-01,20250530,"AMC ENTERTAINMENT HOLDINGS, IN",A,NYSE,64208209,64233103,,21483968,2.99,,-0.04,-24894,2025-05-30
BB,2017-12-01,20171229,Blackberry Limited,A,NYSE,41243369,43525155,,8621362,4.78,,-5.24,-2281786,2017-12-29
BB,2018-01-01,20180131,Blackberry Limited,A,NYSE,46862541,46124294,,6617626,7.08,,1.6,738247,2018-01-31
BB,2018-02-01,20180228,Blackberry Limited,A,NYSE,42454549,45315407,,4485728,9.46,,-6.31,-2860858,2018-02-28
BB,2018-03-01,20180315,Blackberry Limited,A,NYSE,43148502,42454549,,4324791,9.98,,1.63,693953,2018-03-15
BB,2018-05-01,20180531,BlackBerry Limited,A,NYSE,41878719,45141218,,2256097,18.56,,-7.23,-3262499,2018-05-31
BB,2018-06-01,20180629,BlackBerry Limited,A,NYSE,42455574,39200473,,7268942,5.84,R,8.3,3255101,2018-06-29
BB,2018-07-01,20180731,BlackBerry Limited,A,NYSE,40545492,39071961,,5031363,8.06,,3.77,1473531,2018-07-31
BB,2018-08-01,20180831,BlackBerry Limited,A,NYSE,41223007,39543993,,3538005,11.65,,4.25,1679014,2018-08-31
BB,2018-09-01,20180928,BlackBerry Limited,A,NYSE,37368424,39593397,,5842249,6.4,,-5.62,-2224973,2018-09-28
BB,2018-10-01,20181031,BlackBerry Limited,A,NYSE,34885377,36138882,,3673384,9.5,,-3.47,-1253505,2018-10-31
BB,2018-11-01,20181130,BlackBerry Limited,A,NYSE,28155752,30892490,,4227719,6.66,,-8.86,-2736738,2018-11-30
BB,2018-12-01,20181231,BlackBerry Limited,A,NYSE,23579708,25658276,,7134795,3.3,,-8.1,-2078568,2018-12-31
BB,2019-01-01,20190131,BlackBerry Limited,A,NYSE,22180631,22651063,,2589499,8.57,,-2.08,-470432,2019-01-31
BB,2019-02-01,20190228,BlackBerry Limited,A,NYSE,21671937,21640832,,2723372,7.96,,0.14,31105,2019-02-28
BB,2019-03-01,20190329,BlackBerry Limited,A,NYSE,19562582,22988485,,6916674,2.83,,-14.9,-3425903,2019-03-29
BB,2019-04-01,20190430,BlackBerry Limited,A,NYSE,19713762,19439090,,3432376,5.74,,1.41,274672,2019-04-30
BB,2019-05-01,20190531,BlackBerry Limited,A,NYSE,20595745,19778006,,2574320,8.0,,4.13,817739,2019-05-31
BB,2019-06-01,20190628,BlackBerry Limited,A,NYSE,22772832,20907095,,7652370,2.98,R,8.92,1865737,2019-06-28
BB,2019-07-01,20190731,BlackBerry Limited,A,NYSE,22231191,25221282,,3674470,6.05,,-11.86,-2990091,2019-07-31
BB,2019-08-01,20190830,BlackBerry Limited,A,NYSE,21107524,21144083,,2836977,7.44,,-0.17,-36559,2019-08-30
BB,2019-09-01,20190930,BlackBerry Limited,A,NYSE,26620896,19752705,,11148810,2.39,,34.77,6868191,2019-09-30
BB,2019-10-01,20191031,BlackBerry Limited,A,NYSE,29220080,28169708,,3770672,7.75,,3.73,1050372,2019-10-31
BB,2019-11-01,20191129,BlackBerry Limited,A,NYSE,27092178,29100210,,4387102,6.18,,-6.9,-2008032,2019-11-29
BB,2019-12-01,20191231,BlackBerry Limited,A,NYSE,24113399,25110671,,7093786,3.4,,-3.97,-997272,2019-12-31
BB,2020-01-01,20200131,BlackBerry Limited,A,NYSE,30637711,29877377,,3252447,9.42,R,2.54,760334,2020-01-31
BB,2020-02-01,20200228,BlackBerry Limited,A,NYSE,40168408,35349613,,7073081,5.68,,13.63,4818795,2020-02-28
BB,2020-03-01,20200331,BlackBerry Limited,A,NYSE,30139233,39053835,,7488688,4.02,,-22.83,-8914602,2020-03-31
BB,2020-04-01,20200430,BlackBerry Limited,A,NYSE,27354652,29416300,,4626106,5.91,,-7.01,-2061648,2020-04-30
BB,2020-05-01,20200529,BlackBerry Limited,A,NYSE,27052185,27475664,,3393495,7.97,R,-1.54,-423479,2020-05-29
BB,2020-06-01,20200630,BlackBerry Limited,A,NYSE,26017542,24249312,,5084496,5.12,,7.29,1768230,2020-06-30
BB,2020-07-01,20200731,BlackBerry Limited,A,NYSE,26334563,24777599,,2748465,9.58,,6.28,1556964,2020-07-31
BB,2020-08-01,20200831,BlackBerry Limited,A,NYSE,24423676,27744981,,2848779,8.57,,-11.97,-3321305,2020-08-31
BB,2020-09-01,20200930,BlackBerry Limited,A,NYSE,26812588,24892819,,5275025,5.08,,7.71,1919769,2020-09-30
BB,2020-10-01,20201030,BlackBerry Limited,A,NYSE,31666634,30454157,,3330731,9.51,,3.98,1212477,2020-10-30
BB,2020-11-01,20201130,BlackBerry Limited,A,NYSE,29602246,29549884,,4245755,6.97,,0.18,52362,2020-11-30
BB,2020-12-01,20201231,BlackBerry Limited,A,NYSE,39563672,34573554,,14162316,2.79,,14.43,4990118,2020-12-31
BB,2021-01-01,20210129,BlackBerry Limited,A,NYSE,20406949,43485405,,177806832,1.0,,-53.07,-23078456,2021-01-29
BB,2021-02-01,20210226,BlackBerry Limited,A,NYSE,43025495,32350653,,25117591,1.71,,33.0,10674842,2021-02-26
BB,2021-03-01,20210331,BlackBerry Limited,A,NYSE,40039305,37656015,,11911163,3.36,,6.33,2383290,2021-03-31
BB,2021-04-01,20210430,BlackBerry Limited,A,NYSE,48477549,44497674,,8943138,5.42,,8.94,3979875,2021-04-30
BB,2021-05-01,20210528,BlackBerry Limited,A,NYSE,46967161,50227904,,11088540,4.24,,-6.49,-3260743,2021-05-28
BB,2021-06-01,20210630,BlackBerry Limited,A,NYSE,37059887,37728365,,29347561,1.26,R,-1.77,-668478,2021-06-30
BB,2021-07-01,20210730,BlackBerry Limited,A,NYSE,36262944,37062927,,8915641,4.07,,-2.16,-799983,2021-07-30
BB,2021-08-01,20210831,BlackBerry Limited,A,NYSE,36818052,36790618,,12049160,3.06,,0.07,27434,2021-08-31
BB,2021-09-01,20210930,BlackBerry Limited,A,NYSE,40179571,39113143,,12474973,3.22,,2.73,1066428,2021-09-30
BB,2021-10-01,20211029,BlackBerry Limited,A,NYSE,37901188,39680770,,10989990,3.45,,-4.48,-1779582,2021-10-29
BB,2021-11-01,20211130,BlackBerry Limited,A,NYSE,36230295,34270410,,6276348,5.77,,5.72,1959885,2021-11-30
BB,2021-12-01,20211231,BlackBerry Limited,A,NYSE,33999823,36021833,,10639565,3.2,,-5.61,-2022010,2021-12-31
BB,2022-01-01,20220131,BlackBerry Limited,A,NYSE,34590121,33964104,,10853380,3.19,,1.84,626017,2022-01-31
BB,2022-02-01,20220228,BlackBerry Limited,A,NYSE,33619948,34956153,,7151760,4.7,,-3.82,-1336205,2022-02-28
BB,2022-03-01,20220331,BlackBerry Limited,A,NYSE,35980435,38027692,,10124836,3.55,,-5.38,-2047257,2022-03-31
BB,2022-04-01,20220429,BlackBerry Limited,A,NYSE,41253654,37289297,,5865991,7.03,,10.63,3964357,2022-04-29
BB,2022-05-01,20220531,BlackBerry Limited,A,NYSE,35038654,39455116,,11999904,2.92,,-11.19,-4416462,2022-05-31
BB,2022-06-01,20220630,BlackBerry Limited,A,NYSE,33928600,36236460,,9687041,3.5,,-6.37,-2307860,2022-06-30
BB,2022-07-01,20220729,BlackBerry Limited,A,NYSE,33161922,32556469,,4896801,6.77,,1.86,605453,2022-07-29
BB,2022-08-01,20220831,BlackBerry Limited,A,NYSE,33149504,33039863,,5188402,6.39,,0.33,109641,2022-08-31
BB,2022-09-01,20220930,BlackBerry Limited,A,NYSE,33817857,33031982,,6265667,5.4,,2.38,785875,2022-09-30
BB,2022-10-01,20221031,BlackBerry Limited,A,NYSE,37143272,37445305,,4754272,7.81,,-0.81,-302033,2022-10-31
BB,2022-11-01,20221130,BlackBerry Limited,A,NYSE,35820882,44068427,,4468689,8.02,,-18.72,-8247545,2022-11-30
BB,2022-12-01,20221230,BlackBerry Limited,A,NYSE,30470286,28582647,,10001295,3.05,,6.6,1887639,2022-12-30
BB,2023-01-01,20230131,BlackBerry Limited,A,NYSE,25261487,27991961,,7354819,3.43,,-9.75,-2730474,2023-01-31
BB,2023-02-01,20230228,BlackBerry Limited,A,NYSE,24715997,22338629,,4650941,5.31,,10.64,2377368,2023-02-28
BB,2023-03-01,20230331,BlackBerry Limited,A,NYSE,21332761,20884654,,6518146,3.27,,2.15,448107,2023-03-31
BB,2023-04-01,20230428,BlackBerry Limited,A,NYSE,18291135,18299027,,3548402,5.15,,-0.04,-7892,2023-04-28
BB,2023-05-01,20230531,BlackBerry Limited,A,NYSE,15923936,17404268,,4014781,3.97,R,-8.51,-1480332,2023-05-31
BB,2023-06-01,20230630,BlackBerry Limited,A,NYSE,14618294,15118873,,8260640,1.77,,-3.31,-500579,2023-06-30
BB,2023-07-01,20230731,BlackBerry Limited,A,NYSE,15963817,16293594,,4944645,3.23,,-2.02,-329777,2023-07-31
BB,2023-08-01,20230831,BlackBerry Limited,A,NYSE,15436015,14245823,,6785202,2.27,,8.35,1190192,2023-08-31
BB,2023-09-01,20230929,BlackBerry Limited,A,NYSE,25782817,15263540,,6070944,4.25,,68.92,10519277,2023-09-29
BB,2023-10-01,20231031,BlackBerry Limited,A,NYSE,24579372,24572102,,5661622,4.34,,0.03,7270,2023-10-31
BB,2023-11-01,20231130,BlackBerry Limited,A,NYSE,21502457,24797681,,2403497,8.95,,-13.29,-3295224,2023-11-30
BB,2023-12-01,20231229,BlackBerry Limited,A,NYSE,31095455,22417496,,7096447,4.38,,38.71,8677959,2023-12-29
BB,2024-01-01,20240131,BlackBerry Limited,A,NYSE,44777129,37192027,,13371678,3.35,,20.39,7585102,2024-01-31
BB,2024-02-01,20240229,BlackBerry Limited,A,NYSE,46381277,46756318,,5621638,8.25,,-0.8,-375041,2024-02-29
BB,2024-03-01,20240328,BlackBerry Limited,A,NYSE,47873879,43289675,,9011722,5.31,,10.59,4584204,2024-03-28
BB,2024-04-01,20240430,BlackBerry Limited,A,NYSE,42586717,44214311,,5104798,8.34,,-3.68,-1627594,2024-04-30
BB,2024-05-01,20240531,BlackBerry Limited,A,NYSE,41224263,42131319,,7001500,5.89,,-2.15,-907056,2024-05-31
BB,2024-06-01,20240628,BlackBerry Limited,A,NYSE,32707263,51992700,,19920814,1.64,,-37.09,-19285437,2024-06-28
BB,2024-07-01,20240731,BlackBerry Limited,A,NYSE,31622213,32717693,,5282242,5.99,,-3.35,-1095480,2024-07-31
BB,2024-08-01,20240830,BlackBerry Limited,A,NYSE,29206030,31473367,,4267581,6.84,,-7.2,-2267337,2024-08-30
BB,2024-09-01,20240930,BlackBerry Limited,A,NYSE,30281816,29489003,,11346162,2.67,,2.69,792813,2024-09-30
BB,2024-10-01,20241031,BlackBerry Limited,A,NYSE,26975284,26300336,,8384838,3.22,,2.57,674948,2024-10-31
BB,2024-11-01,20241129,BlackBerry Limited,A,NYSE,26267590,24825096,,10041409,2.62,,5.81,1442494,2024-11-29
BB,2024-12-01,20241231,BlackBerry Limited,A,NYSE,29497696,27544458,,19427735,1.52,,7.09,1953238,2024-12-31
BB,2025-01-01,20250131,BlackBerry Limited,A,NYSE,28691262,30538347,,19428210,1.48,,-6.05,-1847085,2025-01-31
BB,2025-02-01,20250228,BlackBerry Limited,A,NYSE,37662787,35284669,,46673676,1.0,,6.74,2378118,2025-02-28
BB,2025-03-01,20250331,BlackBerry Limited,A,NYSE,32861889,34593724,,13444928,2.44,,-5.01,-1731835,2025-03-31
BB,2025-04-01,20250430,BlackBerry Limited,A,NYSE,31557588,31474016,,11291575,2.79,,0.27,83572,2025-04-30
BB,2025-05-01,20250530,BlackBerry Limited,A,NYSE,34254597,35266702,,11570248,2.96,,-2.87,-1012105,2025-05-30
EXPR,2017-12-01,20171229,Express Inc,A,NYSE,10168225,9723444,,2146595,4.74,,4.57,444781,2017-12-29
EXPR,2018-01-01,20180131,Express Inc,A,NYSE,14192488,13781940,,1859064,7.63,,2.98,410548,2018-01-31
EXPR,2018-02-01,20180228,Express Inc,A,NYSE,13025083,13117554,,1446631,9.0,,-0.7,-92471,2018-02-28
EXPR,2018-03-01,20180315,Express Inc,A,NYSE,12926272,13025083,,3049162,4.24,,-0.76,-98811,2018-03-15
EXPR,2018-05-01,20180515,"Express, Inc.",A,NYSE,14456960,12850416,,1761764,8.21,,12.5,1606544,2018-05-15
EXPR,2018-06-01,20180629,"Express, Inc.",A,NYSE,13849658,14041550,,1968656,7.04,,-1.37,-191892,2018-06-29
EXPR,2018-07-01,20180731,"Express, Inc.",A,NYSE,14293239,14399249,,1363602,10.48,R,-0.74,-106010,2018-07-31
EXPR,2018-08-01,20180831,"Express, Inc.",A,NYSE,15946622,13199554,,3090709,5.16,,20.81,2747068,2018-08-31
EXPR,2018-09-01,20180928,"Express, Inc.",A,NYSE,17369127,15550935,,1865461,9.31,,11.69,1818192,2018-09-28
EXPR,2018-10-01,20181031,"Express, Inc.",A,NYSE,18273337,16484405,,2350232,7.78,,10.85,1788932,2018-10-31
EXPR,2018-11-01,20181130,"Express, Inc.",A,NYSE,18524419,18474910,,4241533,4.37,,0.27,49509,2018-11-30
EXPR,2018-12-01,20181231,"Express, Inc.",A,NYSE,19328948,18526042,,2232026,8.66,,4.33,802906,2018-12-31
EXPR,2019-01-01,20190131,"Express, Inc.",A,NYSE,14792010,16891582,,1933297,7.65,,-12.43,-2099572,2019-01-31
EXPR,2019-02-01,20190228,"Express, Inc.",A,NYSE,16282852,14927577,,1208425,13.47,,9.08,1355275,2019-02-28
EXPR,2019-03-01,20190329,"Express, Inc.",A,NYSE,13402320,14235568,,2095505,6.4,,-5.85,-833248,2019-03-29
EXPR,2019-04-01,20190430,"Express, Inc.",A,NYSE,15214871,14500117,,1752529,8.68,,4.93,714754,2019-04-30
EXPR,2019-05-01,20190531,"Express, Inc.",A,NYSE,16274954,14991356,,2738897,5.94,,8.56,1283598,2019-05-31
EXPR,2019-06-01,20190628,"Express, Inc.",A,NYSE,12742492,15781146,,2309293,5.52,,-19.25,-3038654,2019-06-28
EXPR,2019-07-01,20190731,"Express, Inc.",A,NYSE,13185314,13684498,,1280689,10.3,,-3.65,-499184,2019-07-31
EXPR,2019-08-01,20190830,"Express, Inc.",A,NYSE,12680011,12416703,,1553175,8.16,,2.12,263308,2019-08-30
EXPR,2019-09-01,20190930,"Express, Inc.",A,NYSE,12507411,12393651,,2006864,6.23,,0.92,113760,2019-09-30
EXPR,2019-10-01,20191031,"Express, Inc.",A,NYSE,12551338,12740779,,1287810,9.75,,-1.49,-189441,2019-10-31
EXPR,2019-11-01,20191129,"Express, Inc.",A,NYSE,12302018,11611281,,1529899,8.04,,5.95,690737,2019-11-29
EXPR,2019-12-01,20191231,"Express, Inc.",A,NYSE,12218665,11420220,,1469121,8.32,,6.99,798445,2019-12-31
EXPR,2020-01-01,20200131,"Express, Inc.",A,NYSE,13106425,13104208,,2207849,5.94,,0.02,2217,2020-01-31
EXPR,2020-02-01,20200228,"Express, Inc.",A,NYSE,14533467,13871773,,1192920,12.18,,4.77,661694,2020-02-28
EXPR,2020-03-01,20200331,"Express, Inc.",A,NYSE,14835285,15041892,,1396256,10.63,,-1.37,-206607,2020-03-31
EXPR,2020-04-01,20200430,"Express, Inc.",A,NYSE,13138060,13595885,,1187059,11.07,,-3.37,-457825,2020-04-30
EXPR,2020-05-01,20200529,"Express, Inc.",A,NYSE,12683875,13907112,,1272180,9.97,R,-8.8,-1223237,2020-05-29
EXPR,2020-06-01,20200630,"Express, Inc.",A,NYSE,13611594,12026974,,1689385,8.06,,13.18,1584620,2020-06-30
EXPR,2020-07-01,20200731,"Express, Inc.",A,NYSE,14608515,14136408,,1943358,7.52,,3.34,472107,2020-07-31
EXPR,2020-08-01,20200831,"Express, Inc.",A,NYSE,14395222,14968557,,1899797,7.58,,-3.83,-573335,2020-08-31
EXPR,2020-09-01,20200930,"Express, Inc.",A,NYSE,11477272,14627301,,5438159,2.11,,-21.54,-3150029,2020-09-30
EXPR,2020-10-01,20201030,"Express, Inc.",A,NYSE,10110495,9242863,,3181876,3.18,,9.39,867632,2020-10-30
EXPR,2020-11-01,20201130,"Express, Inc.",A,NYSE,7698098,8319431,,6930074,1.11,,-7.47,-621333,2020-11-30
EXPR,2020-12-01,20201231,"Express, Inc.",A,NYSE,8023698,6972982,,2894054,2.77,,15.07,1050716,2020-12-31
EXPR,2021-01-01,20210129,"Express, Inc.",A,NYSE,8556228,7220623,,99808319,1.0,,18.5,1335605,2021-01-29
EXPR,2021-02-01,20210226,"Express, Inc.",A,NYSE,4562807,5930097,,17546109,1.0,,-23.06,-1367290,2021-02-26
EXPR,2021-03-01,20210331,"Express, Inc.",A,NYSE,5401693,6275596,,12721857,1.0,,-13.93,-873903,2021-03-31
EXPR,2021-04-01,20210430,"Express, Inc.",A,NYSE,6269820,6562957,,2841473,2.21,,-4.47,-293137,2021-04-30
EXPR,2021-05-01,20210528,"Express, Inc.",A,NYSE,6152960,4570609,,15711422,1.0,,34.62,1582351,2021-05-28
EXPR,2021-06-01,20210630,"Express, Inc.",A,NYSE,6397325,7070633,,17593701,1.0,R,-9.52,-673308,2021-06-30
EXPR,2021-07-01,20210730,"Express, Inc.",A,NYSE,5180653,4232016,,5123332,1.01,,22.42,948637,2021-07-30
EXPR,2021-08-01,20210831,"Express, Inc.",A,NYSE,3334652,3987000,,7268004,1.0,,-16.36,-652348,2021-08-31
EXPR,2021-09-01,20210930,"Express, Inc.",A,NYSE,3149589,3382500,,3907983,1.0,,-6.89,-232911,2021-09-30
EXPR,2021-10-01,20211029,"Express, Inc.",A,NYSE,3302311,3437167,,3301344,1.0,,-3.92,-134856,2021-10-29
EXPR,2021-11-01,20211130,"Express, Inc.",A,NYSE,3381872,2783913,,3790691,1.0,,21.48,597959,2021-11-30
EXPR,2021-12-01,20211231,"Express, Inc.",A,NYSE,3003673,3081494,,3423243,1.0,,-2.53,-77821,2021-12-31
EXPR,2022-01-01,20220131,"Express, Inc.",A,NYSE,3380952,3370434,,2694460,1.25,,0.31,10518,2022-01-31
EXPR,2022-02-01,20220228,"Express, Inc.",A,NYSE,3960634,4040163,,2098393,1.89,,-1.97,-79529,2022-02-28
EXPR,2022-03-01,20220331,"Express, Inc.",A,NYSE,3772368,4060819,,3938768,1.0,,-7.1,-288451,2022-03-31
EXPR,2022-04-01,20220429,"Express, Inc.",A,NYSE,3558590,3565173,,1669900,2.13,,-0.18,-6583,2022-04-29
EXPR,2022-05-01,20220531,"Express, Inc.",A,NYSE,4333960,3772837,,6002279,1.0,,14.87,561123,2022-05-31
EXPR,2022-06-01,20220630,"Express, Inc.",A,NYSE,5308574,3805320,,3566614,1.49,,39.5,1503254,2022-06-30
EXPR,2022-07-01,20220729,"Express, Inc.",A,NYSE,5453601,5543864,,1848555,2.95,,-1.63,-90263,2022-07-29
EXPR,2022-08-01,20220831,"Express, Inc.",A,NYSE,6154722,4975809,,3468736,1.77,,23.69,1178913,2022-08-31
EXPR,2022-09-01,20220930,"Express, Inc.",A,NYSE,6156926,6504004,,1089186,5.65,,-5.34,-347078,2022-09-30
EXPR,2022-10-01,20221031,"Express, Inc.",A,NYSE,6307084,6471849,,867391,7.27,,-2.55,-164765,2022-10-31
EXPR,2022-11-01,20221130,"Express, Inc.",A,NYSE,6765746,6328790,,901394,7.51,,6.9,436956,2022-11-30
EXPR,2022-12-01,20221230,"Express, Inc.",A,NYSE,6565293,6404022,,2221471,2.96,,2.52,161271,2022-12-30
EXPR,2023-01-01,20230131,"Express, Inc.",A,NYSE,6276861,6266496,,1939038,3.24,,0.17,10365,2023-01-31
EXPR,2023-02-01,20230228,"Express, Inc.",A,NYSE,6814195,7376199,,951046,7.16,R,-7.62,-562004,2023-02-28
EXPR,2023-03-01,20230331,"Express, Inc.",A,NYSE,7908120,7790728,,1821721,4.34,,1.51,117392,2023-03-31
EXPR,2023-04-01,20230428,"Express, Inc.",A,NYSE,8952311,8370703,,1038144,8.62,,6.95,581608,2023-04-28
EXPR,2023-05-01,20230531,"Express, Inc.",A,NYSE,8892953,7971522,,1685669,5.28,R,11.56,921431,2023-05-31
EXPR,2023-06-01,20230630,"Express, Inc.",A,NYSE,8171932,10808244,,1497906,5.46,,-24.39,-2636312,2023-06-30
EXPR,2023-07-01,20230731,"Express, Inc.",A,NYSE,8055496,7444458,,734700,10.96,,8.21,611038,2023-07-31
EXPR,2023-08-01,20230831,"Express, Inc.",A,NYSE,415775,7683893,S,72942,5.7,,-94.59,-7268118,2023-08-31
EXPR,2023-09-01,20230929,"Express, Inc.",A,NYSE,479231,461010,,40385,11.87,,3.95,18221,2023-09-29
EXPR,2023-10-01,20231031,"Express, Inc.",A,NYSE,467634,436388,,37550,12.45,,7.16,31246,2023-10-31
EXPR,2023-11-01,20231130,"Express, Inc.",A,NYSE,451022,423459,,56771,7.94,,6.51,27563,2023-11-30
EXPR,2023-12-01,20231229,"Express, Inc.",A,NYSE,476882,440554,,76890,6.2,,8.25,36328,2023-12-29
EXPR,2024-01-01,20240131,"Express, Inc.",A,NYSE,469790,440807,,31195,15.06,,6.57,28983,2024-01-31
EXPR,2024-02-01,20240229,"Express, Inc.",A,NYSE,569343,602114,,182538,3.12,,-5.44,-32771,2024-02-29
EXPR,2024-03-01,20240328,EXPRESS INC Common Stock,S,OTC,219957,265240,,44315,4.96,,-17.07,-45283,2024-03-28
EXPR,2024-04-01,20240415,EXPRESS INC Common Stock,S,OTC,234053,219957,,148421,1.58,,6.41,14096,2024-04-15
GME,2017-12-01,20171229,GameStop Corp,A,NYSE,36411374,36531520,,2420954,15.04,,-0.33,-120146,2017-12-29
GME,2018-01-01,20180131,GameStop Corp,A,NYSE,34995314,35860720,,3862447,9.06,,-2.41,-865406,2018-01-31
GME,2018-02-01,20180228,GameStop Corp,A,NYSE,34531012,36036284,,3155225,10.94,,-4.18,-1505272,2018-02-28
GME,2018-03-01,20180315,GameStop Corp,A,NYSE,31573372,34531012,,3152699,10.01,,-8.57,-2957640,2018-03-15
GME,2018-05-01,20180515,GameStop Corp. Class A,A,NYSE,43576689,41132039,,4056383,10.74,,5.94,2444650,2018-05-15
GME,2018-06-01,20180629,GameStop Corp. Class A,A,NYSE,45820054,43492169,,6749387,6.79,,5.35,2327885,2018-06-29
GME,2018-07-01,20180731,GameStop Corp. Class A,A,NYSE,40433500,46082458,,2077622,19.46,R,-12.26,-5648958,2018-07-31
GME,2018-08-01,20180831,GameStop Corp. Class A,A,NYSE,39264736,39487626,,5011840,7.83,,-0.56,-222890,2018-08-31
GME,2018-09-01,20180928,GameStop Corp. Class A,A,NYSE,32220492,33049840,,2255378,14.29,,-2.51,-829348,2018-09-28
GME,2018-10-01,20181031,GameStop Corp. Class A,A,NYSE,24019096,26644451,,2279315,10.54,,-9.85,-2625355,2018-10-31
GME,2018-11-01,20181130,GameStop Corp. Class A,A,NYSE,28056745,26839637,,5942396,4.72,,4.53,1217108,2018-11-30
GME,2018-12-01,20181231,GameStop Corp. Class A,A,NYSE,29725132,27571943,,2475536,12.01,,7.81,2153189,2018-12-31
GME,2019-01-01,20190131,GameStop Corp. Class A,A,NYSE,33667346,30285373,,6232868,5.4,,11.17,3381973,2019-01-31
GME,2019-02-01,20190228,GameStop Corp. Class A,A,NYSE,35270945,32920238,,2996878,11.77,,7.14,2350707,2019-02-28
GME,2019-03-01,20190329,GameStop Corp. Class A,A,NYSE,37916795,38523726,,3280822,11.56,,-1.58,-606931,2019-03-29
GME,2019-04-01,20190430,GameStop Corp. Class A,A,NYSE,39295659,41267606,,3798211,10.35,,-4.78,-1971947,2019-04-30
GME,2019-05-01,20190531,GameStop Corp. Class A,A,NYSE,41916196,39837855,,3543259,11.83,,5.22,2078341,2019-05-31
GME,2019-06-01,20190628,GameStop Corp. Class A,A,NYSE,47834755,46908850,,4273128,11.19,,1.97,925905,2019-06-28
GME,2019-07-01,20190731,GameStop Corp. Class A,A,NYSE,57226706,66891494,,6348362,9.01,,-14.45,-9664788,2019-07-31
GME,2019-08-01,20190830,GameStop Corp. Class A,A,NYSE,60383797,58090529,,9148701,6.6,,3.95,2293268,2019-08-30
GME,2019-09-01,20190930,GameStop Corp. Class A,A,NYSE,62209621,60733786,,9211770,6.75,,2.43,1475835,2019-09-30
GME,2019-10-01,20191031,GameStop Corp. Class A,A,NYSE,64955956,64833717,,3698276,17.56,,0.19,122239,2019-10-31
GME,2019-11-01,20191129,GameStop Corp. Class A,A,NYSE,67243112,67269826,,2788547,24.11,,-0.04,-26714,2019-11-29
GME,2019-12-01,20191231,GameStop Corp. Class A,A,NYSE,62679757,68951766,,4838178,12.96,,-9.1,-6272009,2019-12-31
GME,2020-01-01,20200131,GameStop Corp. Class A,A,NYSE,63365288,65163827,,2667014,23.76,,-2.76,-1798539,2020-01-31
GME,2020-02-01,20200228,GameStop Corp. Class A,A,NYSE,68131107,66318641,,3181115,21.42,,2.73,1812466,2020-02-28
GME,2020-03-01,20200331,GameStop Corp. Class A,A,NYSE,55993560,62514110,,4819680,11.62,,-10.43,-6520550,2020-03-31
GME,2020-04-01,20200430,GameStop Corp. Class A,A,NYSE,57024141,58844647,,3843461,14.84,,-3.09,-1820506,2020-04-30
GME,2020-05-01,20200529,GameStop Corp. Class A,A,NYSE,56337561,55593021,,2220521,25.37,R,1.34,744540,2020-05-29
GME,2020-06-01,20200630,GameStop Corp. Class A,A,NYSE,54559609,59990702,,3204606,17.03,,-9.05,-5431093,2020-06-30
GME,2020-07-01,20200731,GameStop Corp. Class A,A,NYSE,54524532,53499964,,2618558,20.82,,1.92,1024568,2020-07-31
GME,2020-08-01,20200831,GameStop Corp. Class A,A,NYSE,57860937,55688385,,3626133,15.96,,3.9,2172552,2020-08-31
GME,2020-09-01,20200930,GameStop Corp. Class A,A,NYSE,68628509,66409745,,12207895,5.62,,3.34,2218764,2020-09-30
GME,2020-10-01,20201030,GameStop Corp. Class A,A,NYSE,66806277,70337051,,8242526,8.11,,-5.02,-3530774,2020-10-30
GME,2020-11-01,20201130,GameStop Corp. Class A,A,NYSE,67982121,67454064,,7797115,8.72,,0.78,528057,2020-11-30
GME,2020-12-01,20201231,GameStop Corp. Class A,A,NYSE,71196206,68127116,,11588797,6.14,,4.5,3069090,2020-12-31
GME,2021-01-01,20210129,GameStop Corp. Class A,A,NYSE,21409004,61782730,,96789540,1.0,,-65.35,-40373726,2021-01-29
GME,2021-02-01,20210226,GameStop Corp. Class A,A,NYSE,14200138,16468038,,35190707,1.0,,-13.77,-2267900,2021-02-26
GME,2021-03-01,20210331,GameStop Corp. Class A,A,NYSE,10696160,10187324,,21048359,1.0,,4.99,508836,2021-03-31
GME,2021-04-01,20210430,GameStop Corp. Class A,A,NYSE,11817478,11112124,,5600751,2.11,,6.35,705354,2021-04-30
GME,2021-05-01,20210528,GameStop Corp. Class A,A,NYSE,11971702,11972632,,8235755,1.45,,-0.01,-930,2021-05-28
GME,2021-06-01,20210630,GameStop Corp. Class A,A,NYSE,8224618,9670734,,5256753,1.56,R,-14.95,-1446116,2021-06-30
GME,2021-07-01,20210730,GameStop Corp. Class A,A,NYSE,7664869,8075454,,2270693,3.38,,-5.08,-410585,2021-07-30
GME,2021-08-01,20210831,GameStop Corp. Class A,A,NYSE,7796968,7573914,,4313674,1.81,,2.95,223054,2021-08-31
GME,2021-09-01,20210930,GameStop Corp. Class A,A,NYSE,7820947,7375940,,2502466,3.13,,6.03,445007,2021-09-30
GME,2021-10-01,20211029,GameStop Corp. Class A,A,NYSE,7060752,7672089,,1985671,3.56,,-7.97,-611337,2021-10-29
GME,2021-11-01,20211130,GameStop Corp. Class A,A,NYSE,6421977,6775394,,1972550,3.26,,-5.22,-353417,2021-11-30
GME,2021-12-01,20211231,GameStop Corp. Class A,A,NYSE,8449995,8611843,,1798277,4.7,,-1.88,-161848,2021-12-31
GME,2022-01-01,20220131,GameStop Corp. Class A,A,NYSE,10998384,9377532,,4406441,2.5,,17.28,1620852,2022-01-31
GME,2022-02-01,20220228,GameStop Corp. Class A,A,NYSE,11713653,11943772,,1698488,6.9,,-1.93,-230119,2022-02-28
GME,2022-03-01,20220331,GameStop Corp. Class A,A,NYSE,12249471,12345458,,11318231,1.08,,-0.78,-95987,2022-03-31
GME,2022-04-01,20220429,GameStop Corp. Class A,A,NYSE,13540994,14128064,,1668138,8.12,,-4.16,-587070,2022-04-29
GME,2022-05-01,20220531,GameStop Corp. Class A,A,NYSE,15537841,15123772,,4982613,3.12,,2.74,414069,2022-05-31
GME,2022-06-01,20220630,GameStop Corp. Class A,A,NYSE,13301379,14511385,,2407151,5.53,,-8.34,-1210006,2022-06-30
GME,2022-07-01,20220729,GameStop Corp. Class A,A,NYSE,59908446,14905476,S,7672095,7.81,,301.92,45002970,2022-07-29
GME,2022-08-01,20220831,GameStop Corp. Class A,A,NYSE,49593249,53245515,,7571276,6.55,,-6.86,-3652266,2022-08-31
GME,2022-09-01,20220930,GameStop Corp. Class A,A,NYSE,51092394,49525156,,3714374,13.76,,3.16,1567238,2022-09-30
GME,2022-10-01,20221031,GameStop Corp. Class A,A,NYSE,53372724,53883909,,6399185,8.34,,-0.95,-511185,2022-10-31
GME,2022-11-01,20221130,GameStop Corp. Class A,A,NYSE,54620238,54655571,,2877559,18.98,,-0.06,-35333,2022-11-30
GME,2022-12-01,20221230,GameStop Corp. Class A,A,NYSE,58411815,54707097,,4488808,13.01,,6.77,3704718,2022-12-30
GME,2023-01-01,20230131,GameStop Corp. Class A,A,NYSE,57882022,60337728,,5063509,11.43,,-4.07,-2455706,2023-01-31
GME,2023-02-01,20230228,GameStop Corp. Class A,A,NYSE,56850983,57289638,,3064416,18.55,,-0.77,-438655,2023-02-28
GME,2023-03-01,20230331,GameStop Corp. Class A,A,NYSE,56723649,58505711,,11504931,4.93,,-3.05,-1782062,2023-03-31
GME,2023-04-01,20230428,GameStop Corp. Class A,A,NYSE,57709747,56072019,,2508441,23.01,,2.92,1637728,2023-04-28
GME,2023-05-01,20230531,GameStop Corp. Class A,A,NYSE,55841413,57320927,,3444084,16.21,R,-2.58,-1479514,2023-05-31
GME,2023-06-01,20230630,GameStop Corp. Class A,A,NYSE,52281039,55155121,,2832327,18.46,,-5.21,-2874082,2023-06-30
GME,2023-07-01,20230731,GameStop Corp. Class A,A,NYSE,50478950,51660779,,2379949,21.21,,-2.29,-1181829,2023-07-31
GME,2023-08-01,20230831,GameStop Corp. Class A,A,NYSE,51250434,51203657,,2999209,17.09,,0.09,46777,2023-08-31
GME,2023-09-01,20230929,GameStop Corp. Class A,A,NYSE,55894055,53950371,,3084825,18.12,,3.6,1943684,2023-09-29
GME,2023-10-01,20231031,GameStop Corp. Class A,A,NYSE,59938352,58558450,,3493866,17.16,,2.36,1379902,2023-10-31
GME,2023-11-01,20231130,GameStop Corp. Class A,A,NYSE,63590274,60673347,,11206851,5.67,,4.81,2916927,2023-11-30
GME,2023-12-01,20231229,GameStop Corp. Class A,A,NYSE,61174273,62664063,,4627616,13.22,,-2.38,-1489790,2023-12-29
GME,2024-01-01,20240131,GameStop Corp. Class A,A,NYSE,59673027,60104977,,2885946,20.68,,-0.72,-431950,2024-01-31
GME,2024-02-01,20240229,GameStop Corp. Class A,A,NYSE,60479692,60191632,,2456534,24.62,,0.48,288060,2024-02-29
GME,2024-03-01,20240328,GameStop Corp. Class A,A,NYSE,65688393,59554103,,8123131,8.09,,10.3,6134290,2024-03-28
GME,2024-04-01,20240430,GameStop Corp. Class A,A,NYSE,64373343,59954492,,3708218,17.36,,7.37,4418851,2024-04-30
GME,2024-05-01,20240531,GameStop Corp. Class A,A,NYSE,46538235,68391054,,52050019,1.0,,-31.95,-21852819,2024-05-31
GME,2024-06-01,20240628,GameStop Corp. Class A,A,NYSE,41953496,44729815,,35026105,1.2,,-6.21,-2776319,2024-06-28
GME,2024-07-01,20240731,GameStop Corp. Class A,A,NYSE,37925649,40344382,,12549488,3.02,,-6.0,-2418733,2024-07-31
GME,2024-08-01,20240830,GameStop Corp. Class A,A,NYSE,35551855,35971941,,5689610,6.25,,-1.17,-420086,2024-08-30
GME,2024-09-01,20240930,GameStop Corp. Class A,A,NYSE,38133807,36551732,,13585925,2.81,,4.33,1582075,2024-09-30
GME,2024-10-01,20241031,GameStop Corp. Class A,A,NYSE,35943712,35962132,,6090390,5.9,,-0.05,-18420,2024-10-31
GME,2024-11-01,20241129,GameStop Corp. Class A,A,NYSE,32404004,31866496,,13223249,2.45,,1.69,537508,2024-11-29
GME,2024-12-01,20241231,GameStop Corp. Class A,A,NYSE,31301108,31061785,,12175556,2.57,,0.77,239323,2024-12-31
GME,2025-01-01,20250131,GameStop Corp. Class A,A,NYSE,30329696,32138831,,5180091,5.86,,-5.63,-1809135,2025-01-31
GME,2025-02-01,20250228,GameStop Corp. Class A,A,NYSE,28516200,27717723,,5346341,5.33,,2.88,798477,2025-02-28
GME,2025-03-01,20250331,GameStop Corp. Class A,A,NYSE,47564164,28257093,,22098887,2.15,,68.33,19307071,2025-03-31
GME,2025-04-01,20250430,GameStop Corp. Class A,A,NYSE,48711464,50002641,,7230663,6.74,,-2.58,-1291177,2025-04-30
GME,2025-05-01,20250530,GameStop Corp. Class A,A,NYSE,47491887,49516766,,18084761,2.63,,-4.09,-2024879,2025-05-30
GNUS,2017-12-01,20171229,"Genius Brands International, I",R,SC,178085,194593,,68863,2.59,,-8.48,-16508,2017-12-29
GNUS,2018-01-01,20180131,"Genius Brands International, I",R,SC,172682,176783,,41700,4.14,,-2.32,-4101,2018-01-31
GNUS,2018-02-01,20180228,"Genius Brands International, I",R,SC,159032,174305,,5265,30.21,,-8.76,-15273,2018-02-28
GNUS,2018-03-01,20180315,"Genius Brands International, I",R,SC,179127,159032,,36462,4.91,,12.64,20095,2018-03-15
GNUS,2018-05-01,20180515,"Genius Brands International, I",R,SC,134614,138796,,12515,10.76,,-3.01,-4182,2018-05-15
GNUS,2018-06-01,20180629,"Genius Brands International, I",R,SC,200078,197384,,116561,1.72,,1.36,2694,2018-06-29
GNUS,2018-07-01,20180731,"Genius Brands International, I",R,SC,192057,203219,,10773,17.83,,-5.49,-11162,2018-07-31
GNUS,2018-08-01,20180831,"Genius Brands International, I",R,SC,160491,164620,,17003,9.44,,-2.51,-4129,2018-08-31
GNUS,2018-09-01,20180928,"Genius Brands International, I",R,SC,159447,164390,,43275,3.68,,-3.01,-4943,2018-09-28
GNUS,2018-10-01,20181031,"Genius Brands International, I",R,SC,155773,169378,,22615,6.89,,-8.03,-13605,2018-10-31
GNUS,2018-11-01,20181130,"Genius Brands International, I",R,SC,164463,154396,,39690,4.14,,6.52,10067,2018-11-30
GNUS,2018-12-01,20181231,"Genius Brands International, I",R,SC,159338,155457,,23023,6.92,,2.5,3881,2018-12-31
GNUS,2019-01-01,20190131,"Genius Brands International, I",R,SC,425268,154259,,47230,9.0,,175.68,271009,2019-01-31
GNUS,2019-02-01,20190228,"Genius Brands International, I",R,SC,117392,392067,,22498,5.22,,-70.06,-274675,2019-02-28
GNUS,2019-03-01,20190329,"Genius Brands International, I",R,SC,171456,155999,,29708,5.77,,9.91,15457,2019-03-29
GNUS,2019-04-01,20190430,"Genius Brands International, I",R,SC,171101,168531,,31094,5.5,,1.52,2570,2019-04-30
GNUS,2019-05-01,20190531,"Genius Brands International, I",R,SC,183284,141226,,77495,2.37,,29.78,42058,2019-05-31
GNUS,2019-06-01,20190628,"Genius Brands International, I",R,SC,205332,180584,,34405,5.97,,13.7,24748,2019-06-28
GNUS,2019-07-01,20190731,"Genius Brands International, I",R,SC,448378,192116,,134566,3.33,,133.39,256262,2019-07-31
GNUS,2019-08-01,20190830,"Genius Brands International, I",R,SC,531589,501168,,142785,3.72,,6.07,30421,2019-08-30
GNUS,2019-09-01,20190930,"Genius Brands International, I",R,SC,224515,345984,,57684,3.89,,-35.11,-121469,2019-09-30
GNUS,2019-10-01,20191031,"Genius Brands International, I",R,SC,147599,102850,,102266,1.44,,43.51,44749,2019-10-31
GNUS,2019-11-01,20191129,"Genius Brands International, I",R,SC,396714,95850,,751651,1.0,,313.89,300864,2019-11-29
GNUS,2019-12-01,20191231,"Genius Brands International, I",R,SC,252034,700318,,642748,1.0,,-64.01,-448284,2019-12-31
GNUS,2020-01-01,20200131,"Genius Brands International, I",R,SC,167308,271594,,1075404,1.0,,-38.4,-104286,2020-01-31
GNUS,2020-02-01,20200228,"Genius Brands International, I",R,SC,43042,36542,,353645,1.0,,17.79,6500,2020-02-28
GNUS,2020-03-01,20200331,"Genius Brands International, I",R,SC,75264,53729,,869545,1.0,,40.08,21535,2020-03-31
GNUS,2020-04-01,20200430,"Genius Brands International, I",R,SC,78960,59251,,1293554,1.0,,33.26,19709,2020-04-30
GNUS,2020-05-01,20200529,"Genius Brands International, I",R,SC,3615919,3072064,,26843687,1.0,,17.7,543855,2020-05-29
GNUS,2020-06-01,20200630,"Genius Brands International, I",R,SC,21460213,13858030,,46596975,1.0,,54.86,7602183,2020-06-30
GNUS,2020-07-01,20200731,"Genius Brands International, I",R,SC,24375655,18267448,,25318650,1.0,,33.44,6108207,2020-07-31
GNUS,2020-08-01,20200831,"Genius Brands International, I",R,SC,21239237,22025454,,15599936,1.36,,-3.57,-786217,2020-08-31
GNUS,2020-09-01,20200930,"Genius Brands International, I",R,SC,28144537,20722377,,35903502,1.0,,35.82,7422160,2020-09-30
GNUS,2020-10-01,20201030,"Genius Brands International, I",R,SC,28699953,29416090,,20484775,1.4,,-2.43,-716137,2020-10-30
GNUS,2020-11-01,20201130,"Genius Brands International, I",R,SC,30487349,27575982,,29223412,1.04,,10.56,2911367,2020-11-30
GNUS,2020-12-01,20201231,"Genius Brands International, I",R,SC,27941854,29711118,,15843212,1.76,,-5.95,-1769264,2020-12-31
GNUS,2021-01-01,20210129,"Genius Brands International, I",R,SC,26870376,28430418,,58557202,1.0,,-5.49,-1560042,2021-01-29
GNUS,2021-02-01,20210226,"Genius Brands International, I",R,SC,26781352,27314591,,15484041,1.73,,-1.95,-533239,2021-02-26
GNUS,2021-03-01,20210331,"Genius Brands International, I",R,SC,32729488,32066157,,48110299,1.0,,2.07,663331,2021-03-31
GNUS,2021-04-01,20210430,"Genius Brands International, I",R,SC,46525189,46532947,,11719107,3.97,,-0.02,-7758,2021-04-30
GNUS,2021-05-01,20210528,"Genius Brands International, I",R,SC,45825697,42472803,,10271482,4.46,,7.89,3352894,2021-05-28
GNUS,2021-06-01,20210630,"Genius Brands International, I",R,SC,49622977,41592101,,10835660,4.58,R,19.31,8030876,2021-06-30
GNUS,2021-07-01,20210730,"Genius Brands International, I",R,SC,46538319,45792516,,4613851,10.09,,1.63,745803,2021-07-30
GNUS,2021-08-01,20210831,"Genius Brands International, I",R,SC,51671907,46510766,,6204545,8.33,,11.1,5161141,2021-08-31
GNUS,2021-09-01,20210930,"Genius Brands International, I",R,SC,46046304,49377181,,4422079,10.41,,-6.75,-3330877,2021-09-30
GNUS,2021-10-01,20211029,"Genius Brands International, I",R,SC,50014926,46087709,,37342348,1.34,,8.52,3927217,2021-10-29
GNUS,2021-11-01,20211130,"Genius Brands International, I",R,SC,47084674,50623846,,6420650,7.33,,-6.99,-3539172,2021-11-30
GNUS,2021-12-01,20211231,"Genius Brands International, I",R,SC,57479124,53843134,,6200197,9.27,,6.75,3635990,2021-12-31
GNUS,2022-01-01,20220131,"Genius Brands International, I",R,SC,58788373,59521910,,6751443,8.71,,-1.23,-733537,2022-01-31
GNUS,2022-02-01,20220228,"Genius Brands International, I",R,SC,51966903,47732404,,2598789,20.0,,8.87,4234499,2022-02-28
GNUS,2022-03-01,20220331,"Genius Brands International, I",R,SC,47938160,43866450,,4069297,11.78,,9.28,4071710,2022-03-31
GNUS,2022-04-01,20220429,"Genius Brands International, I",R,SC,50240703,44948758,,2718732,18.48,,11.77,5291945,2022-04-29
GNUS,2022-05-01,20220531,"Genius Brands International, I",R,SC,52221993,51126522,,11484824,4.55,,2.14,1095471,2022-05-31
GNUS,2022-06-01,20220630,"Genius Brands International, I",R,SC,40898473,47667045,,5640000,7.25,,-14.2,-6768572,2022-06-30
GNUS,2022-07-01,20220729,"Genius Brands International, I",R,SC,39575442,40924893,,1505254,26.29,,-3.3,-1349451,2022-07-29
GNUS,2022-08-01,20220831,"Genius Brands International, I",R,SC,38212002,39219348,,5964351,6.41,,-2.57,-1007346,2022-08-31
GNUS,2022-09-01,20220930,"Genius Brands International, I",R,SC,37762476,35469710,,1139009,33.15,,6.46,2292766,2022-09-30
GNUS,2022-10-01,20221031,"Genius Brands International, I",R,SC,35918322,36559805,,1368054,26.26,,-1.75,-641483,2022-10-31
GNUS,2022-11-01,20221130,"Genius Brands International, I",R,SC,35351513,35044877,,1179712,29.97,,0.87,306636,2022-11-30
GNUS,2022-12-01,20221230,"Genius Brands International, I",R,SC,32493171,33303645,,1728539,18.8,,-2.43,-810474,2022-12-30
GNUS,2023-01-01,20230131,"Genius Brands International, I",R,SC,31769641,32329618,,1941621,16.36,,-1.73,-559977,2023-01-31
GNUS,2023-02-01,20230228,"Genius Brands International, I",R,SC,3187742,3209593,S,586020,5.44,,-0.68,-21851,2023-02-28
GNUS,2023-03-01,20230331,"Genius Brands International, I",R,SC,3027386,3094230,,200986,15.06,,-2.16,-66844,2023-03-31
GNUS,2023-04-01,20230428,"Genius Brands International, I",R,SC,3129264,3042207,,164875,18.98,,2.86,87057,2023-04-28
GNUS,2023-05-01,20230531,"Genius Brands International, I",R,SC,2888606,3056463,,272247,10.61,,-5.49,-167857,2023-05-31
GNUS,2023-06-01,20230615,"Genius Brands International, I",R,SC,2789112,2888606,,380862,7.32,,-3.44,-99494,2023-06-15
KOSS,2017-12-01,20171229,Koss Corporation Common Stock,R,SC,9816,5991,,1272050,1.0,,63.85,3825,2017-12-29
KOSS,2018-01-01,20180131,Koss Corporation Common Stock,R,SC,22197,7392,,54774,1.0,,200.28,14805,2018-01-31
KOSS,2018-02-01,20180228,Koss Corporation Common Stock,R,SC,45435,34388,,14900,3.05,,32.12,11047,2018-02-28
KOSS,2018-03-01,20180315,Koss Corporation Common Stock,R,SC,10808,45435,,71282,1.0,,-76.21,-34627,2018-03-15
KOSS,2018-05-01,20180515,Koss Corporation Common Stock,R,SC,47280,17601,,235147,1.0,,168.62,29679,2018-05-15
KOSS,2018-06-01,20180629,Koss Corporation Common Stock,R,SC,2419,9300,,27319,1.0,,-73.99,-6881,2018-06-29
KOSS,2018-07-01,20180731,Koss Corporation Common Stock,R,SC,1870,2705,,20918,1.0,,-30.87,-835,2018-07-31
KOSS,2018-08-01,20180831,Koss Corporation Common Stock,R,SC,40082,3133,,319782,1.0,,1179.35,36949,2018-08-31
KOSS,2018-09-01,20180928,Koss Corporation Common Stock,R,SC,26060,17005,,14639,1.78,,53.25,9055,2018-09-28
KOSS,2018-10-01,20181031,Koss Corporation Common Stock,R,SC,20672,33271,,7108,2.91,,-37.87,-12599,2018-10-31
KOSS,2018-11-01,20181130,Koss Corporation Common Stock,R,SC,9849,14655,,7208,1.37,,-32.79,-4806,2018-11-30
KOSS,2018-12-01,20181231,Koss Corporation Common Stock,R,SC,8215,6230,,8501,1.0,,31.86,1985,2018-12-31
KOSS,2019-01-01,20190131,Koss Corporation Common Stock,R,SC,9926,11605,,7241,1.37,,-14.47,-1679,2019-01-31
KOSS,2019-02-01,20190228,Koss Corporation Common Stock,R,SC,3398,11282,,3089,1.1,,-69.88,-7884,2019-02-28
KOSS,2019-03-01,20190329,Koss Corporation Common Stock,R,SC,4292,2646,,6366,1.0,,62.21,1646,2019-03-29
KOSS,2019-04-01,20190430,Koss Corporation Common Stock,R,SC,1148,1450,,3258,1.0,,-20.83,-302,2019-04-30
KOSS,2019-05-01,20190531,Koss Corporation Common Stock,R,SC,3000,2289,,4827,1.0,,31.06,711,2019-05-31
KOSS,2019-06-01,20190628,Koss Corporation Common Stock,R,SC,16245,19254,,5227,3.11,,-15.63,-3009,2019-06-28
KOSS,2019-07-01,20190731,Koss Corporation Common Stock,R,SC,14875,14730,,3292,4.52,,0.98,145,2019-07-31
KOSS,2019-08-01,20190830,Koss Corporation Common Stock,R,SC,60513,13645,,154499,1.0,,343.48,46868,2019-08-30
KOSS,2019-09-01,20190930,Koss Corporation Common Stock,R,SC,9170,17126,,7400,1.24,,-46.46,-7956,2019-09-30
KOSS,2019-10-01,20191031,Koss Corporation Common Stock,R,SC,932,10149,,4999,1.0,,-90.82,-9217,2019-10-31
KOSS,2019-11-01,20191129,Koss Corporation Common Stock,R,SC,21797,17272,,10810,2.02,,26.2,4525,2019-11-29
KOSS,2019-12-01,20191231,Koss Corporation Common Stock,R,SC,24769,17897,,14625,1.69,,38.4,6872,2019-12-31
KOSS,2020-01-01,20200131,Koss Corporation Common Stock,R,SC,6151,9054,,4268,1.44,,-32.06,-2903,2020-01-31
KOSS,2020-02-01,20200228,Koss Corporation Common Stock,R,SC,4035,2408,,19743,1.0,,67.57,1627,2020-02-28
KOSS,2020-03-01,20200331,Koss Corporation Common Stock,R,SC,903,18476,,11890,1.0,,-95.11,-17573,2020-03-31
KOSS,2020-04-01,20200430,Koss Corporation Common Stock,R,SC,5856,2519,,107565,1.0,,132.47,3337,2020-04-30
KOSS,2020-05-01,20200529,Koss Corporation Common Stock,R,SC,8380,10623,,9238,1.0,,-21.11,-2243,2020-05-29
KOSS,2020-06-01,20200630,Koss Corporation Common Stock,R,SC,10096,16978,,93297,1.0,,-40.53,-6882,2020-06-30
KOSS,2020-07-01,20200731,Koss Corporation Common Stock,R,SC,6566,18378,,78670,1.0,,-64.27,-11812,2020-07-31
KOSS,2020-08-01,20200831,Koss Corporation Common Stock,R,SC,25857,25421,,65060,1.0,,1.72,436,2020-08-31
KOSS,2020-09-01,20200930,Koss Corporation Common Stock,R,SC,12140,28944,,10271,1.18,,-58.06,-16804,2020-09-30
KOSS,2020-10-01,20201030,Koss Corporation Common Stock,R,SC,1049,9940,,11112,1.0,,-89.45,-8891,2020-10-30
KOSS,2020-11-01,20201130,Koss Corporation Common Stock,R,SC,4235,1578,,4769,1.0,,168.38,2657,2020-11-30
KOSS,2020-12-01,20201231,Koss Corporation Common Stock,R,SC,590314,722,,1558848,1.0,,81660.94,589592,2020-12-31
KOSS,2021-01-01,20210129,Koss Corporation Common Stock,R,SC,756138,12755,,8973430,1.0,,5828.17,743383,2021-01-29
KOSS,2021-02-01,20210226,Koss Corporation Common Stock,R,SC,598690,289028,,7091358,1.0,,107.14,309662,2021-02-26
KOSS,2021-03-01,20210331,Koss Corporation Common Stock,R,SC,833553,669173,,3672025,1.0,,24.56,164380,2021-03-31
KOSS,2021-04-01,20210430,Koss Corporation Common Stock,R,SC,530159,711425,,527093,1.01,,-25.48,-181266,2021-04-30
KOSS,2021-05-01,20210528,Koss Corporation Common Stock,R,SC,551918,475695,,2726813,1.0,,16.02,76223,2021-05-28
KOSS,2021-06-01,20210630,Koss Corporation Common Stock,R,SC,440262,429729,,696104,1.0,R,2.45,10533,2021-06-30
KOSS,2021-07-01,20210730,Koss Corporation Common Stock,R,SC,578420,310849,,170092,3.4,,86.08,267571,2021-07-30
KOSS,2021-08-01,20210831,Koss Corporation Common Stock,R,SC,323906,429640,,734856,1.0,,-24.61,-105734,2021-08-31
KOSS,2021-09-01,20210930,Koss Corporation Common Stock,R,SC,151592,245627,,156515,1.0,,-38.28,-94035,2021-09-30
KOSS,2021-10-01,20211029,Koss Corporation Common Stock,R,SC,244510,569720,,229088,1.07,,-57.08,-325210,2021-10-29
KOSS,2021-11-01,20211130,Koss Corporation Common Stock,R,SC,174112,213743,,151312,1.15,,-18.54,-39631,2021-11-30
KOSS,2021-12-01,20211231,Koss Corporation Common Stock,R,SC,107278,164455,,88993,1.21,,-34.77,-57177,2021-12-31
KOSS,2022-01-01,20220131,Koss Corporation Common Stock,R,SC,139686,92675,,208323,1.0,,50.73,47011,2022-01-31
KOSS,2022-02-01,20220228,Koss Corporation Common Stock,R,SC,80981,114354,,39368,2.06,,-29.18,-33373,2022-02-28
KOSS,2022-03-01,20220331,Koss Corporation Common Stock,R,SC,735085,103388,,1861308,1.0,,611.0,631697,2022-03-31
KOSS,2022-04-01,20220429,Koss Corporation Common Stock,R,SC,321932,546401,,86133,3.74,,-41.08,-224469,2022-04-29
KOSS,2022-05-01,20220531,Koss Corporation Common Stock,R,SC,396483,227009,,93401,4.24,,74.66,169474,2022-05-31
KOSS,2022-06-01,20220630,Koss Corporation Common Stock,R,SC,317702,214651,,37027,8.58,,48.01,103051,2022-06-30
KOSS,2022-07-01,20220729,Koss Corporation Common Stock,R,SC,389596,228989,,920943,1.0,,70.14,160607,2022-07-29
KOSS,2022-08-01,20220831,Koss Corporation Common Stock,R,SC,225937,219165,,257985,1.0,,3.09,6772,2022-08-31
KOSS,2022-09-01,20220930,Koss Corporation Common Stock,R,SC,217150,230519,,35915,6.05,,-5.8,-13369,2022-09-30
KOSS,2022-10-01,20221031,Koss Corporation Common Stock,R,SC,187446,202230,,35701,5.25,,-7.31,-14784,2022-10-31
KOSS,2022-11-01,20221130,Koss Corporation Common Stock,R,SC,165122,167681,,11825,13.96,,-1.53,-2559,2022-11-30
KOSS,2022-12-01,20221230,Koss Corporation Common Stock,R,SC,143368,147211,,23292,6.16,,-2.61,-3843,2022-12-30
KOSS,2023-01-01,20230131,Koss Corporation Common Stock,R,SC,129836,128988,,30954,4.19,,0.66,848,2023-01-31
KOSS,2023-02-01,20230228,Koss Corporation Common Stock,R,SC,103040,113419,,24451,4.21,,-9.15,-10379,2023-02-28
KOSS,2023-03-01,20230331,Koss Corporation Common Stock,R,SC,70069,87938,,18530,3.78,,-20.32,-17869,2023-03-31
KOSS,2023-04-01,20230428,Koss Corporation Common Stock,R,SC,55141,59851,,10352,5.33,,-7.87,-4710,2023-04-28
KOSS,2023-05-01,20230531,Koss Corporation Common Stock,R,SC,52706,58214,,26577,1.98,,-9.46,-5508,2023-05-31
KOSS,2023-06-01,20230630,Koss Corporation Common Stock,R,SC,47999,47296,,25585,1.88,,1.49,703,2023-06-30
KOSS,2023-07-01,20230731,Koss Corporation Common Stock,R,SC,112902,49674,,458765,1.0,,127.29,63228,2023-07-31
KOSS,2023-08-01,20230831,Koss Corporation Common Stock,R,SC,19424,28684,,18994,1.02,,-32.28,-9260,2023-08-31
KOSS,2023-09-01,20230929,Koss Corporation Common Stock,R,SC,19073,12171,,16393,1.16,,56.71,6902,2023-09-29
KOSS,2023-10-01,20231031,Koss Corporation Common Stock,R,SC,13726,12757,,11093,1.24,,7.6,969,2023-10-31
KOSS,2023-11-01,20231130,Koss Corporation Common Stock,R,SC,31075,9728,,27674,1.12,,219.44,21347,2023-11-30
KOSS,2023-12-01,20231229,Koss Corporation Common Stock,R,SC,11471,27086,,16069,1.0,,-57.65,-15615,2023-12-29
KOSS,2024-01-01,20240131,Koss Corporation Common Stock,R,SC,10531,8098,,11920,1.0,,30.04,2433,2024-01-31
KOSS,2024-02-01,20240229,Koss Corporation Common Stock,R,SC,15962,16563,,21814,1.0,,-3.63,-601,2024-02-29
KOSS,2024-03-01,20240328,Koss Corporation Common Stock,R,SC,9793,10845,,14523,1.0,,-9.7,-1052,2024-03-28
KOSS,2024-04-01,20240430,Koss Corporation Common Stock,R,SC,11568,11254,,8597,1.35,,2.79,314,2024-04-30
KOSS,2024-05-01,20240531,Koss Corporation Common Stock,R,SC,340546,1089738,,376045,1.0,,-68.75,-749192,2024-05-31
KOSS,2024-06-01,20240628,Koss Corporation Common Stock,R,SC,296733,403987,,86383,3.44,,-26.55,-107254,2024-06-28
KOSS,2024-07-01,20240731,Koss Corporation Common Stock,R,SC,544075,805338,,1994367,1.0,,-32.44,-261263,2024-07-31
KOSS,2024-08-01,20240830,Koss Corporation Common Stock,R,SC,493514,329114,,528482,1.0,,49.95,164400,2024-08-30
KOSS,2024-09-01,20240930,Koss Corporation Common Stock,R,SC,489003,466647,,240042,2.04,,4.79,22356,2024-09-30
KOSS,2024-10-01,20241031,Koss Corporation Common Stock,R,SC,409272,421425,,202183,2.02,,-2.88,-12153,2024-10-31
KOSS,2024-11-01,20241129,Koss Corporation Common Stock,R,SC,354104,330788,,171889,2.06,,7.05,23316,2024-11-29
KOSS,2024-12-01,20241231,Koss Corporation Common Stock,R,SC,260727,311217,,168562,1.55,,-16.22,-50490,2024-12-31
KOSS,2025-01-01,20250131,Koss Corporation Common Stock,R,SC,258675,233639,,69913,3.7,,10.72,25036,2025-01-31
KOSS,2025-02-01,20250228,Koss Corporation Common Stock,R,SC,271418,260346,,48319,5.62,,4.25,11072,2025-02-28
KOSS,2025-03-01,20250331,Koss Corporation Common Stock,R,SC,238330,272035,,48459,4.92,,-12.39,-33705,2025-03-31
KOSS,2025-04-01,20250430,Koss Corporation Common Stock,R,SC,247005,240784,,26288,9.4,,2.58,6221,2025-04-30
KOSS,2025-05-01,20250530,Koss Corporation Common Stock,R,SC,287900,236504,,184047,1.56,,21.73,51396,2025-05-30
NAKD,2017-12-01,20171229,Naked Brand Group Inc. Common,R,SC,565405,596598,,74516,7.59,,-5.23,-31193,2017-12-29
NAKD,2018-01-01,20180131,Naked Brand Group Inc. Common,R,SC,539089,537822,,60123,8.97,,0.24,1267,2018-01-31
NAKD,2018-02-01,20180228,Naked Brand Group Inc. Common,R,SC,526213,521073,,76087,6.92,,0.99,5140,2018-02-28
NAKD,2018-03-01,20180315,Naked Brand Group Inc. Common,R,SC,539083,526213,,52508,10.27,,2.45,12870,2018-03-15
NAKD,2018-05-01,20180515,Naked Brand Group Inc. Common,R,SC,467228,443934,,22250,21.0,,5.25,23294,2018-05-15
NAKD,2018-06-01,20180629,Naked Brand Group Limited Ordi,R,SC,305277,685592,,1177609,1.0,,-55.47,-380315,2018-06-29
NAKD,2018-07-01,20180731,Naked Brand Group Limited Ordi,R,SC,236551,207707,,347295,1.0,,13.89,28844,2018-07-31
NAKD,2018-08-01,20180831,Naked Brand Group Limited Ordi,R,SC,284959,285269,,137915,2.07,,-0.11,-310,2018-08-31
NAKD,2018-09-01,20180928,Naked Brand Group Limited Ordi,R,SC,257097,276368,,110295,2.33,,-6.97,-19271,2018-09-28
NAKD,2018-10-01,20181031,Naked Brand Group Limited Ordi,R,SC,201222,238672,,150637,1.34,,-15.69,-37450,2018-10-31
NAKD,2018-11-01,20181130,Naked Brand Group Limited Ordi,R,SC,196358,338483,,306192,1.0,,-41.99,-142125,2018-11-30
NAKD,2018-12-01,20181231,Naked Brand Group Limited Ordi,R,SC,200945,213336,,169336,1.19,,-5.81,-12391,2018-12-31
NAKD,2019-01-01,20190131,Naked Brand Group Limited Ordi,R,SC,187922,260743,,46014,4.08,,-27.93,-72821,2019-01-31
NAKD,2019-02-01,20190228,Naked Brand Group Limited Ordi,R,SC,661010,319720,,744231,1.0,,106.75,341290,2019-02-28
NAKD,2019-03-01,20190329,Naked Brand Group Limited Ordi,R,SC,715703,732253,,485515,1.47,,-2.26,-16550,2019-03-29
NAKD,2019-04-01,20190430,Naked Brand Group Limited Ordi,R,SC,704600,712226,,244770,2.88,,-1.07,-7626,2019-04-30
NAKD,2019-05-01,20190531,Naked Brand Group Limited Ordi,R,SC,747052,675174,,242894,3.08,,10.65,71878,2019-05-31
NAKD,2019-06-01,20190628,Naked Brand Group Limited Ordi,R,SC,954279,760497,,1342391,1.0,,25.48,193782,2019-06-28
NAKD,2019-07-01,20190731,Naked Brand Group Limited Ordi,R,SC,62101,899541,,14286156,1.0,,-93.1,-837440,2019-07-31
NAKD,2019-08-01,20190830,Naked Brand Group Limited Ordi,R,SC,3512596,71859,,27502670,1.0,,4788.18,3440737,2019-08-30
NAKD,2019-09-01,20190930,Naked Brand Group Limited Ordi,R,SC,669856,613544,,11265807,1.0,,9.18,56312,2019-09-30
NAKD,2019-10-01,20191031,Naked Brand Group Limited Ordi,R,SC,903423,114073,,9522851,1.0,,691.97,789350,2019-10-31
NAKD,2019-11-01,20191129,Naked Brand Group Limited Ordi,R,SC,398230,2269215,,10916376,1.0,,-82.45,-1870985,2019-11-29
NAKD,2019-12-01,20191231,Naked Brand Group Limited Ordi,R,SC,205736,5903741,S,1096954,1.0,R,-96.52,-5698005,2019-12-31
NAKD,2020-01-01,20200131,Naked Brand Group Limited Ordi,R,SC,408447,375352,,456818,1.0,,8.82,33095,2020-01-31
NAKD,2020-02-01,20200228,Naked Brand Group Limited Ordi,R,SC,335771,402138,,233192,1.44,,-16.5,-66367,2020-02-28
NAKD,2020-03-01,20200331,Naked Brand Group Limited Ordi,R,SC,299058,400211,,319864,1.0,,-25.27,-101153,2020-03-31
NAKD,2020-04-01,20200430,Naked Brand Group Limited Ordi,R,SC,349384,246711,,3386940,1.0,,41.62,102673,2020-04-30
NAKD,2020-05-01,20200529,Naked Brand Group Limited Ordi,R,SC,317631,310830,,2364920,1.0,,2.19,6801,2020-05-29
NAKD,2020-06-01,20200630,Naked Brand Group Limited Ordi,R,SC,676710,1533403,,6098906,1.0,,-55.87,-856693,2020-06-30
NAKD,2020-07-01,20200731,Naked Brand Group Limited Ordi,R,SC,484042,543676,,6915388,1.0,,-10.97,-59634,2020-07-31
NAKD,2020-08-01,20200831,Naked Brand Group Limited Ordi,R,SC,1214125,481964,,10027348,1.0,,151.91,732161,2020-08-31
NAKD,2020-09-01,20200930,Naked Brand Group Limited Ordi,R,SC,636074,749133,,27125679,1.0,,-15.09,-113059,2020-09-30
NAKD,2020-10-01,20201030,Naked Brand Group Limited Ordi,R,SC,2762083,1457345,,46321340,1.0,,89.53,1304738,2020-10-30
NAKD,2020-11-01,20201130,Naked Brand Group Limited Ordi,R,SC,8613617,1546540,,302841217,1.0,,456.96,7067077,2020-11-30
NAKD,2020-12-01,20201231,Naked Brand Group Limited Ordi,R,SC,10547272,10410902,,105235732,1.0,,1.31,136370,2020-12-31
NAKD,2021-01-01,20210129,Naked Brand Group Limited Ordi,R,SC,42092028,31256254,,477737788,1.0,,34.67,10835774,2021-01-29
NAKD,2021-02-01,20210226,Naked Brand Group Limited Ordi,R,SC,41192286,42907217,,103754041,1.0,,-4.0,-1714931,2021-02-26
NAKD,2021-03-01,20210331,Naked Brand Group Limited Ordi,R,SC,39659069,34971703,,66535602,1.0,,13.4,4687366,2021-03-31
NAKD,2021-04-01,20210430,Naked Brand Group Limited Ordi,R,SC,38586791,41272814,,100111550,1.0,,-6.51,-2686023,2021-04-30
NAKD,2021-05-01,20210528,Naked Brand Group Limited Ordi,R,SC,41875303,40106048,,47789148,1.0,,4.41,1769255,2021-05-28
NAKD,2021-06-01,20210630,Naked Brand Group Limited Ordi,R,SC,38727451,38877395,,40512041,1.0,R,-0.39,-149944,2021-06-30
NAKD,2021-07-01,20210730,Naked Brand Group Limited Ordi,R,SC,43162111,39620421,,27615539,1.56,,8.94,3541690,2021-07-30
NAKD,2021-08-01,20210831,Naked Brand Group Limited Ordi,R,SC,46909862,44183399,,61245990,1.0,,6.17,2726463,2021-08-31
NAKD,2021-09-01,20210930,Naked Brand Group Limited Ordi,R,SC,28248545,40314337,,137706962,1.0,,-29.93,-12065792,2021-09-30
NAKD,2021-10-01,20211029,Naked Brand Group Limited Ordi,R,SC,15851692,14587952,,35272582,1.0,,8.66,1263740,2021-10-29
NAKD,2021-11-01,20211130,Naked Brand Group Limited Ordi,R,SC,15990765,10867747,,65688809,1.0,,47.14,5123018,2021-11-30
NAKD,2021-12-01,20211231,Naked Brand Group Limited Ordi,R,SC,2016012,10664013,S,6998526,1.0,,-81.1,-8648001,2021-12-31
NOK,2017-12-01,20171229,Nokia,A,NYSE,24926108,28501445,,10663319,2.34,,-12.54,-3575337,2017-12-29
NOK,2018-01-01,20180131,Nokia,A,NYSE,33210877,29598713,,17172945,1.93,,12.2,3612164,2018-01-31
NOK,2018-02-01,20180228,Nokia,A,NYSE,25249294,30252506,,15246161,1.66,,-16.54,-5003212,2018-02-28
NOK,2018-03-01,20180315,Nokia,A,NYSE,20661286,25249294,,11880159,1.74,,-18.17,-4588008,2018-03-15
NOK,2018-05-01,20180515,Nokia Corporation,A,NYSE,27024469,23247154,,15403829,1.75,,16.25,3777315,2018-05-15
NOK,2018-06-01,20180629,Nokia Corporation,A,NYSE,30977008,31501355,,16794493,1.84,,-1.66,-524347,2018-06-29
NOK,2018-07-01,20180731,Nokia Corporation,A,NYSE,31647632,32690026,,21996557,1.44,R,-3.19,-1042394,2018-07-31
NOK,2018-08-01,20180831,Nokia Corporation,A,NYSE,29671602,28717790,,9063897,3.27,,3.32,953812,2018-08-31
NOK,2018-09-01,20180928,Nokia Corporation,A,NYSE,26688977,25265544,,12527664,2.13,,5.63,1423433,2018-09-28
NOK,2018-10-01,20181031,Nokia Corporation,A,NYSE,32729794,36609064,,23224236,1.41,,-10.6,-3879270,2018-10-31
NOK,2018-11-01,20181130,Nokia Corporation,A,NYSE,30062547,33720600,,14676228,2.05,,-10.85,-3658053,2018-11-30
NOK,2018-12-01,20181231,Nokia Corporation,A,NYSE,31080215,31452818,,25029944,1.24,,-1.18,-372603,2018-12-31
NOK,2019-01-01,20190131,Nokia Corporation,A,NYSE,38465904,34510297,,33088978,1.16,,11.46,3955607,2019-01-31
NOK,2019-02-01,20190228,Nokia Corporation,A,NYSE,53420112,52225615,,25775471,2.07,R,2.29,1194497,2019-02-28
NOK,2019-03-01,20190329,Nokia Corporation,A,NYSE,50280319,56921457,,34081071,1.48,,-11.67,-6641138,2019-03-29
NOK,2019-04-01,20190430,Nokia Corporation,A,NYSE,56180465,44453559,,26670383,2.11,,26.38,11726906,2019-04-30
NOK,2019-05-01,20190531,Nokia Corporation,A,NYSE,55577469,48430811,,29302678,1.9,,14.76,7146658,2019-05-31
NOK,2019-06-01,20190628,Nokia Corporation,A,NYSE,51783706,57860135,,17369821,2.98,,-10.5,-6076429,2019-06-28
NOK,2019-07-01,20190731,Nokia Corporation,A,NYSE,39542290,49523531,,32077586,1.23,,-20.15,-9981241,2019-07-31
NOK,2019-08-01,20190830,Nokia Corporation,A,NYSE,36079678,38813798,,14337421,2.52,,-7.04,-2734120,2019-08-30
NOK,2019-09-01,20190930,Nokia Corporation,A,NYSE,43000014,36397586,,17515025,2.46,,18.14,6602428,2019-09-30
NOK,2019-10-01,20191031,Nokia Corporation,A,NYSE,50158904,40357588,,60470033,1.0,,24.29,9801316,2019-10-31
NOK,2019-11-01,20191129,Nokia Corporation,A,NYSE,42758951,42272162,,19923003,2.15,,1.15,486789,2019-11-29
NOK,2019-12-01,20191231,Nokia Corporation,A,NYSE,26245230,33468481,,13974393,1.88,,-21.58,-7223251,2019-12-31
NOK,2020-01-01,20200131,Nokia Corporation,A,NYSE,35308828,29323522,,23851906,1.48,,20.41,5985306,2020-01-31
NOK,2020-02-01,20200228,Nokia Corporation,A,NYSE,40910714,39585879,,42398536,1.0,,3.35,1324835,2020-02-28
NOK,2020-03-01,20200331,Nokia Corporation,A,NYSE,20992924,32136823,,34906800,1.0,,-34.68,-11143899,2020-03-31
NOK,2020-04-01,20200430,Nokia Corporation,A,NYSE,26206747,18048895,,25059267,1.05,,45.2,8157852,2020-04-30
NOK,2020-05-01,20200529,Nokia Corporation,A,NYSE,23026411,21036111,,19266390,1.2,R,9.46,1990300,2020-05-29
NOK,2020-06-01,20200630,Nokia Corporation,A,NYSE,21703233,24390141,,28027997,1.0,,-11.02,-2686908,2020-06-30
NOK,2020-07-01,20200731,Nokia Corporation,A,NYSE,36797414,35764680,,27166969,1.35,,2.89,1032734,2020-07-31
NOK,2020-08-01,20200831,Nokia Corporation,A,NYSE,38780589,37547824,,16839443,2.3,,3.28,1232765,2020-08-31
NOK,2020-09-01,20200930,Nokia Corporation,A,NYSE,40931004,40850540,,22574959,1.81,,0.2,80464,2020-09-30
NOK,2020-10-01,20201030,Nokia Corporation,A,NYSE,48905679,44171986,,39761575,1.23,,10.72,4733693,2020-10-30
NOK,2020-11-01,20201130,Nokia Corporation,A,NYSE,51150264,53349590,,23628603,2.16,,-4.12,-2199326,2020-11-30
NOK,2020-12-01,20201231,Nokia Corporation,A,NYSE,50518233,48242505,,18898510,2.67,,4.72,2275728,2020-12-31
NOK,2021-01-01,20210129,Nokia Corporation,A,NYSE,56837102,59550824,,292299000,1.0,,-4.56,-2713722,2021-01-29
NOK,2021-02-01,20210226,Nokia Corporation,A,NYSE,41223801,48267813,,54366562,1.0,,-14.59,-7044012,2021-02-26
NOK,2021-03-01,20210331,Nokia Corporation,A,NYSE,24247495,30583408,,35133714,1.0,,-20.72,-6335913,2021-03-31
NOK,2021-04-01,20210430,Nokia Corporation,A,NYSE,30227472,28227293,,38761454,1.0,,7.09,2000179,2021-04-30
NOK,2021-05-01,20210528,Nokia Corporation,A,NYSE,33425798,33280270,,32698096,1.02,,0.44,145528,2021-05-28
NOK,2021-06-01,20210630,Nokia Corporation,A,NYSE,29064391,37910354,,29238239,1.0,R,-23.33,-8845963,2021-06-30
NOK,2021-07-01,20210730,Nokia Corporation,A,NYSE,33345246,31760218,,31161885,1.07,,4.99,1585028,2021-07-30
NOK,2021-08-01,20210831,Nokia Corporation,A,NYSE,35224476,37781989,,15836121,2.22,,-6.77,-2557513,2021-08-31
NOK,2021-09-01,20210930,Nokia Corporation,A,NYSE,31442774,34196259,,21226167,1.48,,-8.05,-2753485,2021-09-30
NOK,2021-10-01,20211029,Nokia Corporation,A,NYSE,36767022,33658333,,21177024,1.74,,9.24,3108689,2021-10-29
NOK,2021-11-01,20211130,Nokia Corporation,A,NYSE,39169134,36309610,,20767749,1.89,,7.88,2859524,2021-11-30
NOK,2021-12-01,20211231,Nokia Corporation,A,NYSE,41621327,43604897,,16998006,2.45,,-4.55,-1983570,2021-12-31
NOK,2022-01-01,20220131,Nokia Corporation,A,NYSE,37552594,44941848,,35477385,1.06,,-16.44,-7389254,2022-01-31
NOK,2022-02-01,20220228,Nokia Corporation,A,NYSE,36508513,37699900,,33938394,1.08,,-3.16,-1191387,2022-02-28
NOK,2022-03-01,20220331,Nokia Corporation,A,NYSE,34887535,34604435,,21747810,1.6,,0.82,283100,2022-03-31
NOK,2022-04-01,20220429,Nokia Corporation,A,NYSE,33560759,31035920,,35450908,1.0,,8.14,2524839,2022-04-29
NOK,2022-05-01,20220531,Nokia Corporation,A,NYSE,22207609,26954691,,32613694,1.0,,-17.61,-4747082,2022-05-31
NOK,2022-06-01,20220630,Nokia Corporation,A,NYSE,19186557,20869715,,35767688,1.0,,-8.07,-1683158,2022-06-30
NOK,2022-07-01,20220729,Nokia Corporation,A,NYSE,18332331,17144323,,22919477,1.0,,6.93,1188008,2022-07-29
NOK,2022-08-01,20220831,Nokia Corporation,A,NYSE,21976796,18698013,,28938247,1.0,,17.54,3278783,2022-08-31
NOK,2022-09-01,20220930,Nokia Corporation,A,NYSE,20484071,21943038,,25386620,1.0,,-6.65,-1458967,2022-09-30
NOK,2022-10-01,20221031,Nokia Corporation,A,NYSE,12274297,14681435,,35075334,1.0,,-16.4,-2407138,2022-10-31
NOK,2022-11-01,20221130,Nokia Corporation,A,NYSE,11862934,12406173,,18786035,1.0,,-4.38,-543239,2022-11-30
NOK,2022-12-01,20221230,Nokia Corporation,A,NYSE,13348946,13738821,,13741273,1.0,,-2.84,-389875,2022-12-30
NOK,2023-01-01,20230131,Nokia Corporation,A,NYSE,17176895,12953653,,25711375,1.0,,32.6,4223242,2023-01-31
NOK,2023-02-01,20230228,Nokia Corporation,A,NYSE,12628335,16195530,,14675255,1.0,,-22.03,-3567195,2023-02-28
NOK,2023-03-01,20230331,Nokia Corporation,A,NYSE,13666686,13204054,,15042895,1.0,,3.5,462632,2023-03-31
NOK,2023-04-01,20230428,Nokia Corporation,A,NYSE,12618278,10664308,,26724874,1.0,,18.32,1953970,2023-04-28
NOK,2023-05-01,20230531,Nokia Corporation,A,NYSE,18174438,16640992,,14583169,1.25,R,9.21,1533446,2023-05-31
NOK,2023-06-01,20230630,Nokia Corporation,A,NYSE,22670420,20925364,,15473755,1.47,,8.34,1745056,2023-06-30
NOK,2023-07-01,20230731,Nokia Corporation,A,NYSE,15373259,20451609,,20713638,1.0,,-24.83,-5078350,2023-07-31
NOK,2023-08-01,20230831,Nokia Corporation,A,NYSE,15596574,20766843,,11680076,1.34,,-24.9,-5170269,2023-08-31
NOK,2023-09-01,20230929,Nokia Corporation,A,NYSE,28519287,27838413,,14169506,2.01,,2.45,680874,2023-09-29
NOK,2023-10-01,20231031,Nokia Corporation,A,NYSE,22721325,18218702,,25012925,1.0,,24.71,4502623,2023-10-31
NOK,2023-11-01,20231130,Nokia Corporation,A,NYSE,22590730,28992296,,7824952,2.89,R,-22.08,-6401566,2023-11-30
NOK,2023-12-01,20231229,Nokia Corporation,A,NYSE,25370584,16347038,,14094962,1.8,,55.2,9023546,2023-12-29
NOK,2024-01-01,20240131,Nokia Corporation,A,NYSE,19380099,21092870,,20400745,1.0,,-8.12,-1712771,2024-01-31
NOK,2024-02-01,20240229,Nokia Corporation,A,NYSE,26727087,22389187,,11772010,2.27,,19.37,4337900,2024-02-29
NOK,2024-03-01,20240328,Nokia Corporation,A,NYSE,26330313,30810818,,15695264,1.68,,-14.54,-4480505,2024-03-28
NOK,2024-04-01,20240430,Nokia Corporation,A,NYSE,21308358,19568835,,18393630,1.16,,8.89,1739523,2024-04-30
NOK,2024-05-01,20240531,Nokia Corporation,A,NYSE,23635615,25768492,,11492851,2.06,,-8.28,-2132877,2024-05-31
NOK,2024-06-01,20240628,Nokia Corporation,A,NYSE,14671021,18522543,,11982262,1.22,,-20.79,-3851522,2024-06-28
NOK,2024-07-01,20240731,Nokia Corporation,A,NYSE,23947189,20972145,,14942476,1.6,,14.19,2975044,2024-07-31
NOK,2024-08-01,20240830,Nokia Corporation,A,NYSE,24565062,28462733,,14892980,1.65,,-13.69,-3897671,2024-08-30
NOK,2024-09-01,20240930,Nokia Corporation,A,NYSE,47791368,32630209,,23843081,2.0,,46.46,15161159,2024-09-30
NOK,2024-10-01,20241031,Nokia Corporation,A,NYSE,58433246,48801476,,28737196,2.03,,19.74,9631770,2024-10-31
NOK,2024-11-01,20241129,Nokia Corporation,A,NYSE,50895709,56462562,,22285968,2.28,,-9.86,-5566853,2024-11-29
NOK,2024-12-01,20241231,Nokia Corporation,A,NYSE,52863330,50848207,,10203750,5.18,,3.96,2015123,2024-12-31
NOK,2025-01-01,20250131,Nokia Corporation,A,NYSE,57349560,55846764,,23531589,2.44,,2.69,1502796,2025-01-31
NOK,2025-02-01,20250228,Nokia Corporation,A,NYSE,74633995,66096689,,20077704,3.72,,12.92,8537306,2025-02-28
NOK,2025-03-01,20250331,Nokia Corporation,A,NYSE,41961248,48179268,,16740154,2.51,,-12.91,-6218020,2025-03-31
NOK,2025-04-01,20250430,Nokia Corporation,A,NYSE,30226330,35544079,,23310810,1.3,,-14.96,-5317749,2025-04-30
NOK,2025-05-01,20250530,Nokia Corporation,A,NYSE,36645057,30806409,,15242281,2.4,,18.95,5838648,2025-05-30
