date,ticker,d2c,shorts,volume
2017-12-29,AMC,7.72,20259697,2624537
2018-01-12,AMC,8.26,20081343,2431065
2018-01-31,AMC,9.61,18020489,1874317
2018-02-15,AMC,8.2,16803128,2048127
2018-02-28,AMC,8.1,17696285,2184751
2018-03-15,AMC,9.27,17165872,1852036
2018-05-15,AMC,8.03,14791035,1842358
2018-05-31,AMC,9.87,14390257,1457745
2018-06-15,AMC,10.22,13619867,1333280
2018-06-29,AMC,7.89,12431492,1575409
2018-07-13,AMC,9.09,12828248,1410479
2018-07-31,AMC,8.86,14309742,1615217
2018-08-15,AMC,5.5,14583303,2650033
2018-08-31,AMC,7.88,12272626,1557485
2018-09-14,AMC,5.01,11301181,2257023
2018-09-28,AMC,5.51,11409687,2070578
2018-10-15,AMC,6.15,10297346,1674470
2018-10-31,AMC,5.54,10800877,1948065
2018-11-15,AMC,4.47,10728749,2397897
2018-11-30,AMC,5.1,9411793,1847066
2018-12-14,AMC,6.57,9477334,1443579
2018-12-31,AMC,6.49,8989792,1385825
2019-01-15,AMC,8.21,9105685,1109414
2019-01-31,AMC,12.34,11161700,904177
2019-02-15,AMC,7.69,9902472,1287852
2019-02-28,AMC,7.0,10866220,1552710
2019-03-15,AMC,4.13,9655863,2338349
2019-03-29,AMC,5.87,8633749,1471976
2019-04-15,AMC,6.05,8802857,1453839
2019-04-30,AMC,5.72,9759225,1705860
2019-05-15,AMC,5.65,11936861,2112363
2019-05-31,AMC,6.77,11150210,1648191
2019-06-14,AMC,5.04,11949987,2370145
2019-06-28,AMC,4.83,11819595,2447821
2019-07-15,AMC,4.97,13381021,2690808
2019-07-31,AMC,4.35,14910612,3426297
2019-08-15,AMC,4.15,14627540,3522240
2019-08-30,AMC,8.35,15531089,1859401
2019-09-13,AMC,8.5,16224896,1907850
2019-09-30,AMC,9.15,17140758,1872560
2019-10-15,AMC,7.43,19147776,2578771
2019-10-31,AMC,10.57,21029583,1990462
2019-11-15,AMC,7.83,23914104,3056041
2019-11-29,AMC,5.82,28577618,4909128
2019-12-13,AMC,11.47,28596263,2493198
2019-12-31,AMC,7.52,29555936,3932394
2020-01-15,AMC,7.85,29054647,3701087
2020-01-31,AMC,13.75,28212015,2051380
2020-02-14,AMC,16.55,27749793,1676612
2020-02-28,AMC,5.67,24933820,4395522
2020-03-13,AMC,5.18,22074612,4259437
2020-03-31,AMC,3.22,18985259,5901957
2020-04-15,AMC,2.64,24185611,9159995
2020-04-30,AMC,2.06,21877408,10603680
2020-05-15,AMC,1.44,22635737,15751424
2020-05-29,AMC,4.08,20296533,4976428
2020-06-15,AMC,1.9,15896168,8344953
2020-06-30,AMC,2.82,17737420,6280921
2020-07-15,AMC,4.4,16665023,3785508
2020-07-31,AMC,5.78,17601239,3043253
2020-08-14,AMC,2.28,16950844,7424764
2020-08-31,AMC,1.94,17759866,9151188
2020-09-15,AMC,2.18,21886971,10034960
2020-09-30,AMC,6.85,21496546,3138249
2020-10-15,AMC,2.74,22321937,8150186
2020-10-30,AMC,1.88,23890070,12731999
2020-11-13,AMC,1.1,29260504,26487919
2020-11-30,AMC,1.29,33513585,26002367
2020-12-15,AMC,1.38,38083639,27613378
2020-12-31,AMC,1.88,38993059,20697894
2021-01-15,AMC,1.21,44671962,37005590
2021-01-29,AMC,1.0,37716302,390644584
2021-02-12,AMC,1.0,48134561,191894754
2021-02-26,AMC,1.0,55490440,170187693
2021-03-15,AMC,1.0,49306459,103335355
2021-03-31,AMC,1.0,73824070,85845893
2021-04-15,AMC,2.06,93888195,45557607
2021-04-30,AMC,2.35,87551755,37214815
2021-05-14,AMC,1.57,94577063,60170367
2021-05-28,AMC,1.0,102303320,194737611
2021-06-15,AMC,1.0,85076339,359533859
2021-06-30,AMC,1.0,75479862,142292531
2021-07-15,AMC,1.0,79747897,99636441
2021-07-30,AMC,1.0,85845513,98418632
2021-08-13,AMC,1.21,92417118,76383750
2021-08-31,AMC,1.0,95943759,105520739
2021-09-15,AMC,1.22,97130969,79573617
2021-09-30,AMC,1.66,91042415,54969157
2021-10-15,AMC,2.22,92239378,41512289
2021-10-29,AMC,2.66,94637512,35552514
2021-11-15,AMC,2.07,87462304,42178712
2021-11-30,AMC,3.12,83406245,26730397
2021-12-15,AMC,1.6,96700247,60336885
2021-12-31,AMC,1.97,94750342,48096118
2022-01-14,AMC,2.35,97034798,41324600
2022-01-31,AMC,1.94,107800655,55478718
2022-02-15,AMC,1.75,104191445,59536582
2022-02-28,AMC,2.47,101327657,41096878
2022-03-15,AMC,3.09,104488090,33841970
2022-03-31,AMC,1.06,101419084,95444345
2022-04-14,AMC,2.22,99746843,44886360
2022-04-29,AMC,3.85,100632363,26133873
2022-05-13,AMC,2.37,108869404,46011134
2022-05-31,AMC,1.98,109829044,55341780
2022-06-15,AMC,2.98,113005857,37870463
2022-06-30,AMC,2.51,101375089,40389287
2022-07-15,AMC,2.52,96155658,38218788
2022-07-29,AMC,2.87,95091742,33099933
2022-08-15,AMC,1.28,89152605,69383841
2022-08-31,AMC,1.81,102882941,56850037
2022-09-15,AMC,3.72,100011800,26913320
2022-09-30,AMC,3.89,98918241,25448389
2022-10-14,AMC,4.02,104360202,25956941
2022-10-31,AMC,5.23,101835976,19486818
2022-11-15,AMC,3.69,111534852,30217469
2022-11-30,AMC,4.45,100109744,22508104
2022-12-15,AMC,3.12,108487434,34743768
2022-12-30,AMC,4.08,113442490,27793689
2023-01-13,AMC,4.76,116364530,24449751
2023-01-31,AMC,3.49,118266052,33924264
2023-02-15,AMC,3.17,131637788,41570955
2023-02-28,AMC,2.0,125961266,62942093
2023-03-15,AMC,4.45,127209002,28580783
2023-03-31,AMC,5.0,138836691,27747225
2023-04-14,AMC,2.85,137465578,48170947
2023-04-28,AMC,7.58,134013830,17671690
2023-05-15,AMC,5.69,105904172,18627601
2023-05-31,AMC,8.77,116800869,13319845
2023-06-15,AMC,8.49,122085549,14378134
2023-06-30,AMC,7.33,148695965,20290947
2023-07-14,AMC,7.61,150001144,19705749
2023-07-31,AMC,2.5,137785569,55196616
2023-08-15,AMC,3.87,150955613,38997724
2023-08-31,AMC,1.08,23211862,21407327
2023-09-15,AMC,1.0,22146199,38128663
2023-09-29,AMC,1.0,17160338,17979417
2023-10-13,AMC,1.0,15402984,24433045
2023-10-31,AMC,1.12,18524828,16505451
2023-11-15,AMC,1.0,22796630,23444896
2023-11-30,AMC,1.24,22600273,18228674
2023-12-15,AMC,1.0,18302923,21354140
2023-12-29,AMC,1.28,23283624,18149342
2024-01-12,AMC,1.35,24104314,17869237
2024-01-31,AMC,2.18,28620993,13121389
2024-02-15,AMC,2.0,29359675,14667131
2024-02-29,AMC,2.17,31750252,14615808
2024-03-15,AMC,2.73,36329391,13305821
2024-03-28,AMC,3.18,42191492,13274758
2024-04-15,AMC,2.79,50685424,18166542
2024-04-30,AMC,2.78,55449039,19942711
2024-05-15,AMC,1.0,56731489,152872883
2024-05-31,AMC,1.0,58201931,65038643
2024-06-14,AMC,1.0,52945480,73137385
2024-06-28,AMC,2.28,53873669,23654709
2024-07-15,AMC,2.9,53744937,18516004
2024-07-31,AMC,2.69,51900469,19306368
2024-08-15,AMC,4.22,51247216,12141762
2024-08-30,AMC,6.27,50656601,8077030
2024-09-13,AMC,6.4,50439747,7878562
2024-09-30,AMC,5.14,57177199,11129825
2024-10-15,AMC,7.23,52759376,7300672
2024-10-31,AMC,8.12,48610057,5988686
2024-11-15,AMC,3.52,49811860,14152186
2024-11-29,AMC,3.47,49455853,14254701
2024-12-13,AMC,2.53,53045291,21000202
2024-12-31,AMC,3.26,48723373,14936634
2025-01-15,AMC,3.52,46280261,13161769
2025-01-31,AMC,3.72,37768952,10148410
2025-02-14,AMC,3.84,37539547,9763358
2025-02-28,AMC,3.55,37924295,10673953
2025-03-14,AMC,4.95,39225652,7929236
2025-03-31,AMC,6.33,48494766,7655672
2025-04-15,AMC,5.99,58484560,9766825
2025-04-30,AMC,9.23,62494313,6772004
2025-05-15,AMC,7.98,64233103,8048638
2025-05-30,AMC,2.99,64208209,21483968
2017-12-29,BB,4.78,41243369,8621362
2018-01-12,BB,3.63,46124294,12718586
2018-01-31,BB,7.08,46862541,6617626
2018-02-15,BB,8.21,45315407,5518500
2018-02-28,BB,9.46,42454549,4485728
2018-03-15,BB,9.98,43148502,4324791
2018-05-15,BB,12.71,45141218,3552498
2018-05-31,BB,18.56,41878719,2256097
2018-06-15,BB,11.51,39197181,3404317
2018-06-29,BB,5.84,42455574,7268942
2018-07-13,BB,12.03,39071961,3246883
2018-07-31,BB,8.06,40545492,5031363
2018-08-15,BB,10.69,39543993,3699619
2018-08-31,BB,11.65,41223007,3538005
2018-09-14,BB,12.25,39593397,3232333
2018-09-28,BB,6.4,37368424,5842249
2018-10-15,BB,5.72,36138882,6320303
2018-10-31,BB,9.5,34885377,3673384
2018-11-15,BB,8.72,30892490,3543346
2018-11-30,BB,6.66,28155752,4227719
2018-12-14,BB,6.21,25658276,4130263
2018-12-31,BB,3.3,23579708,7134795
2019-01-15,BB,7.21,22651063,3142260
2019-01-31,BB,8.57,22180631,2589499
2019-02-15,BB,9.16,21640832,2361524
2019-02-28,BB,7.96,21671937,2723372
2019-03-15,BB,4.84,22988485,4747028
2019-03-29,BB,2.83,19562582,6916674
2019-04-15,BB,3.99,19439090,4866629
2019-04-30,BB,5.74,19713762,3432376
2019-05-15,BB,6.37,19778006,3105821
2019-05-31,BB,8.0,20595745,2574320
2019-06-14,BB,3.3,20907095,6343595
2019-06-28,BB,2.98,22772832,7652370
2019-07-15,BB,4.97,25221282,5070546
2019-07-31,BB,6.05,22231191,3674470
2019-08-15,BB,6.72,21144083,3147081
2019-08-30,BB,7.44,21107524,2836977
2019-09-13,BB,4.85,19752705,4071097
2019-09-30,BB,2.39,26620896,11148810
2019-10-15,BB,4.29,28169708,6558948
2019-10-31,BB,7.75,29220080,3770672
2019-11-15,BB,7.7,29100210,3776877
2019-11-29,BB,6.18,27092178,4387102
2019-12-13,BB,7.53,25110671,3335666
2019-12-31,BB,3.4,24113399,7093786
2020-01-15,BB,6.06,25323122,4177700
2020-01-31,BB,9.42,30637711,3252447
2020-02-14,BB,8.17,35349613,4329281
2020-02-28,BB,5.68,40168408,7073081
2020-03-13,BB,4.51,39053835,8663822
2020-03-31,BB,4.02,30139233,7488688
2020-04-15,BB,4.4,29416300,6692549
2020-04-30,BB,5.91,27354652,4626106
2020-05-15,BB,5.66,27475664,4851030
2020-05-29,BB,7.97,27052185,3393495
2020-06-15,BB,3.52,24249312,6895743
2020-06-30,BB,5.12,26017542,5084496
2020-07-15,BB,7.61,24777599,3254738
2020-07-31,BB,9.58,26334563,2748465
2020-08-14,BB,9.83,27744981,2822509
2020-08-31,BB,8.57,24423676,2848779
2020-09-15,BB,6.06,24892819,4107562
2020-09-30,BB,5.08,26812588,5275025
2020-10-15,BB,7.67,30454157,3971903
2020-10-30,BB,9.51,31666634,3330731
2020-11-13,BB,9.52,29549884,3105441
2020-11-30,BB,6.97,29602246,4245755
2020-12-15,BB,1.0,34573554,65347475
2020-12-31,BB,2.79,39563672,14162316
2021-01-15,BB,2.62,43485405,16611488
2021-01-29,BB,1.0,20406949,177806832
2021-02-12,BB,1.0,32350653,39737411
2021-02-26,BB,1.71,43025495,25117591
2021-03-15,BB,2.05,37656015,18366563
2021-03-31,BB,3.36,40039305,11911163
2021-04-15,BB,4.53,44497674,9828472
2021-04-30,BB,5.42,48477549,8943138
2021-05-14,BB,7.66,50227904,6552930
2021-05-28,BB,4.24,46967161,11088540
2021-06-15,BB,1.0,37728365,165501834
2021-06-30,BB,1.26,37059887,29347561
2021-07-15,BB,3.68,37062927,10066182
2021-07-30,BB,4.07,36262944,8915641
2021-08-13,BB,6.25,36790618,5887473
2021-08-31,BB,3.06,36818052,12049160
2021-09-15,BB,5.21,39113143,7505889
2021-09-30,BB,3.22,40179571,12474973
2021-10-15,BB,4.88,39680770,8128738
2021-10-29,BB,3.45,37901188,10989990
2021-11-15,BB,3.68,34270410,9311948
2021-11-30,BB,5.77,36230295,6276348
2021-12-15,BB,4.04,36021833,8916116
2021-12-31,BB,3.2,33999823,10639565
2022-01-14,BB,4.93,33964104,6883210
2022-01-31,BB,3.19,34590121,10853380
2022-02-15,BB,4.05,34956153,8629933
2022-02-28,BB,4.7,33619948,7151760
2022-03-15,BB,6.24,38027692,6098536
2022-03-31,BB,3.55,35980435,10124836
2022-04-14,BB,4.75,37289297,7854985
2022-04-29,BB,7.03,41253654,5865991
2022-05-13,BB,4.15,39455116,9499437
2022-05-31,BB,2.92,35038654,11999904
2022-06-15,BB,3.6,36236460,10058518
2022-06-30,BB,3.5,33928600,9687041
2022-07-15,BB,4.74,32556469,6875657
2022-07-29,BB,6.77,33161922,4896801
2022-08-15,BB,5.92,33039863,5580087
2022-08-31,BB,6.39,33149504,5188402
2022-09-15,BB,6.23,33031982,5300192
2022-09-30,BB,5.4,33817857,6265667
2022-10-14,BB,4.57,37445305,8186289
2022-10-31,BB,7.81,37143272,4754272
2022-11-15,BB,5.41,44068427,8140461
2022-11-30,BB,8.02,35820882,4468689
2022-12-15,BB,4.96,28582647,5768117
2022-12-30,BB,3.05,30470286,10001295
2023-01-13,BB,3.83,27991961,7299221
2023-01-31,BB,3.43,25261487,7354819
2023-02-15,BB,3.38,22338629,6609200
2023-02-28,BB,5.31,24715997,4650941
2023-03-15,BB,2.9,20884654,7199082
2023-03-31,BB,3.27,21332761,6518146
2023-04-14,BB,3.91,18299027,4681655
2023-04-28,BB,5.15,18291135,3548402
2023-05-15,BB,3.37,17402442,5160337
2023-05-31,BB,3.97,15923936,4014781
2023-06-15,BB,4.13,15118873,3659547
2023-06-30,BB,1.77,14618294,8260640
2023-07-14,BB,3.03,16293594,5382539
2023-07-31,BB,3.23,15963817,4944645
2023-08-15,BB,4.54,14245823,3135176
2023-08-31,BB,2.27,15436015,6785202
2023-09-15,BB,1.43,15263540,10645551
2023-09-29,BB,4.25,25782817,6070944
2023-10-13,BB,4.2,24572102,5856881
2023-10-31,BB,4.34,24579372,5661622
2023-11-15,BB,6.78,24797681,3655598
2023-11-30,BB,8.95,21502457,2403497
2023-12-15,BB,2.98,22417496,7511017
2023-12-29,BB,4.38,31095455,7096447
2024-01-12,BB,6.02,37192027,6177896
2024-01-31,BB,3.35,44777129,13371678
2024-02-15,BB,6.05,46756318,7725383
2024-02-29,BB,8.25,46381277,5621638
2024-03-15,BB,3.2,43289675,13526526
2024-03-28,BB,5.31,47873879,9011722
2024-04-15,BB,3.76,44214311,11744246
2024-04-30,BB,8.34,42586717,5104798
2024-05-15,BB,2.42,42131319,17408588
2024-05-31,BB,5.89,41224263,7001500
2024-06-14,BB,4.56,51992700,11407081
2024-06-28,BB,1.64,32707263,19920814
2024-07-15,BB,5.23,32717693,6253545
2024-07-31,BB,5.99,31622213,5282242
2024-08-15,BB,8.01,31473367,3930158
2024-08-30,BB,6.84,29206030,4267581
2024-09-13,BB,6.87,29489003,4292103
2024-09-30,BB,2.67,30281816,11346162
2024-10-15,BB,3.26,26300336,8077215
2024-10-31,BB,3.22,26975284,8384838
2024-11-15,BB,2.39,24825096,10366597
2024-11-29,BB,2.62,26267590,10041409
2024-12-13,BB,1.78,27544458,15483905
2024-12-31,BB,1.52,29497696,19427735
2025-01-15,BB,1.5,30538347,20323051
2025-01-31,BB,1.48,28691262,19428210
2025-02-14,BB,1.21,35284669,29062748
2025-02-28,BB,1.0,37662787,46673676
2025-03-14,BB,1.72,34593724,20155724
2025-03-31,BB,2.44,32861889,13444928
2025-04-15,BB,1.64,31474016,19222873
2025-04-30,BB,2.79,31557588,11291575
2025-05-15,BB,2.32,35266702,15193663
2025-05-30,BB,2.96,34254597,11570248
2017-12-29,EXPR,4.74,10168225,2146595
2018-01-12,EXPR,2.33,13781940,5925157
2018-01-31,EXPR,7.63,14192488,1859064
2018-02-15,EXPR,6.31,13117554,2077657
2018-02-28,EXPR,9.0,13025083,1446631
2018-03-15,EXPR,4.24,12926272,3049162
2018-05-15,EXPR,8.21,14456960,1761764
2018-06-15,EXPR,5.09,14041550,2759604
2018-06-29,EXPR,7.04,13849658,1968656
2018-07-13,EXPR,9.47,14399249,1521202
2018-07-31,EXPR,10.48,14293239,1363602
2018-08-15,EXPR,12.23,13199554,1079587
2018-08-31,EXPR,5.16,15946622,3090709
2018-09-14,EXPR,7.02,15550935,2216269
2018-09-28,EXPR,9.31,17369127,1865461
2018-10-15,EXPR,7.32,16484405,2252907
2018-10-31,EXPR,7.78,18273337,2350232
2018-11-15,EXPR,10.11,18474910,1828148
2018-11-30,EXPR,4.37,18524419,4241533
2018-12-14,EXPR,6.84,18526042,2710061
2018-12-31,EXPR,8.66,19328948,2232026
2019-01-15,EXPR,7.18,16891582,2354144
2019-01-31,EXPR,7.65,14792010,1933297
2019-02-15,EXPR,11.89,14927577,1255367
2019-02-28,EXPR,13.47,16282852,1208425
2019-03-15,EXPR,4.8,14235568,2964941
2019-03-29,EXPR,6.4,13402320,2095505
2019-04-15,EXPR,9.29,14500117,1560794
2019-04-30,EXPR,8.68,15214871,1752529
2019-05-15,EXPR,10.82,14991356,1385743
2019-05-31,EXPR,5.94,16274954,2738897
2019-06-14,EXPR,6.81,15781146,2316725
2019-06-28,EXPR,5.52,12742492,2309293
2019-07-15,EXPR,8.31,13684498,1646868
2019-07-31,EXPR,10.3,13185314,1280689
2019-08-15,EXPR,11.15,12416703,1113485
2019-08-30,EXPR,8.16,12680011,1553175
2019-09-13,EXPR,7.47,12393651,1658954
2019-09-30,EXPR,6.23,12507411,2006864
2019-10-15,EXPR,9.61,12740779,1326227
2019-10-31,EXPR,9.75,12551338,1287810
2019-11-15,EXPR,7.58,11611281,1532825
2019-11-29,EXPR,8.04,12302018,1529899
2019-12-13,EXPR,4.04,11420220,2823934
2019-12-31,EXPR,8.32,12218665,1469121
2020-01-15,EXPR,8.79,13104208,1490316
2020-01-31,EXPR,5.94,13106425,2207849
2020-02-14,EXPR,10.72,13871773,1294124
2020-02-28,EXPR,12.18,14533467,1192920
2020-03-13,EXPR,7.85,15041892,1915929
2020-03-31,EXPR,10.63,14835285,1396256
2020-04-15,EXPR,8.17,13595885,1663534
2020-04-30,EXPR,11.07,13138060,1187059
2020-05-15,EXPR,12.94,13907112,1074695
2020-05-29,EXPR,9.97,12683875,1272180
2020-06-15,EXPR,5.55,12026974,2165516
2020-06-30,EXPR,8.06,13611594,1689385
2020-07-15,EXPR,7.13,14136408,1983048
2020-07-31,EXPR,7.52,14608515,1943358
2020-08-14,EXPR,8.87,14968557,1687432
2020-08-31,EXPR,7.58,14395222,1899797
2020-09-15,EXPR,6.68,14627301,2188932
2020-09-30,EXPR,2.11,11477272,5438159
2020-10-15,EXPR,1.39,9242863,6671467
2020-10-30,EXPR,3.18,10110495,3181876
2020-11-13,EXPR,1.04,8319431,7990089
2020-11-30,EXPR,1.11,7698098,6930074
2020-12-15,EXPR,1.35,6972982,5152589
2020-12-31,EXPR,2.77,8023698,2894054
2021-01-15,EXPR,1.0,7220623,7312589
2021-01-29,EXPR,1.0,8556228,99808319
2021-02-12,EXPR,1.0,5930097,15128508
2021-02-26,EXPR,1.0,4562807,17546109
2021-03-15,EXPR,1.0,6275596,30041512
2021-03-31,EXPR,1.0,5401693,12721857
2021-04-15,EXPR,1.6,6562957,4109381
2021-04-30,EXPR,2.21,6269820,2841473
2021-05-14,EXPR,1.0,4570609,4647212
2021-05-28,EXPR,1.0,6152960,15711422
2021-06-15,EXPR,1.0,7070633,22607102
2021-06-30,EXPR,1.0,6397325,17593701
2021-07-15,EXPR,1.0,4232016,7011924
2021-07-30,EXPR,1.01,5180653,5123332
2021-08-13,EXPR,1.0,3987000,5569758
2021-08-31,EXPR,1.0,3334652,7268004
2021-09-15,EXPR,1.0,3382500,4527445
2021-09-30,EXPR,1.0,3149589,3907983
2021-10-15,EXPR,1.25,3437167,2756778
2021-10-29,EXPR,1.0,3302311,3301344
2021-11-15,EXPR,1.0,2783913,4110596
2021-11-30,EXPR,1.0,3381872,3790691
2021-12-15,EXPR,1.0,3081494,6178201
2021-12-31,EXPR,1.0,3003673,3423243
2022-01-14,EXPR,1.3,3370434,2592659
2022-01-31,EXPR,1.25,3380952,2694460
2022-02-15,EXPR,1.17,4040163,3459606
2022-02-28,EXPR,1.89,3960634,2098393
2022-03-15,EXPR,1.36,4060819,2982307
2022-03-31,EXPR,1.0,3772368,3938768
2022-04-14,EXPR,1.4,3565173,2539807
2022-04-29,EXPR,2.13,3558590,1669900
2022-05-13,EXPR,1.51,3772837,2500503
2022-05-31,EXPR,1.0,4333960,6002279
2022-06-15,EXPR,1.33,3805320,2859774
2022-06-30,EXPR,1.49,5308574,3566614
2022-07-15,EXPR,2.65,5543864,2094150
2022-07-29,EXPR,2.95,5453601,1848555
2022-08-15,EXPR,1.58,4975809,3152624
2022-08-31,EXPR,1.77,6154722,3468736
2022-09-15,EXPR,2.5,6504004,2600382
2022-09-30,EXPR,5.65,6156926,1089186
2022-10-14,EXPR,6.74,6471849,960394
2022-10-31,EXPR,7.27,6307084,867391
2022-11-15,EXPR,3.79,6328790,1667827
2022-11-30,EXPR,7.51,6765746,901394
2022-12-15,EXPR,1.0,6404022,10353035
2022-12-30,EXPR,2.96,6565293,2221471
2023-01-13,EXPR,3.46,6266496,1813059
2023-01-31,EXPR,3.24,6276861,1939038
2023-02-15,EXPR,1.93,7376251,3831617
2023-02-28,EXPR,7.16,6814195,951046
2023-03-15,EXPR,6.64,7790728,1173073
2023-03-31,EXPR,4.34,7908120,1821721
2023-04-14,EXPR,3.63,8370703,2307280
2023-04-28,EXPR,8.62,8952311,1038144
2023-05-15,EXPR,13.84,7970951,575824
2023-05-31,EXPR,5.28,8892953,1685669
2023-06-15,EXPR,8.24,10808244,1311257
2023-06-30,EXPR,5.46,8171932,1497906
2023-07-14,EXPR,6.95,7444458,1071783
2023-07-31,EXPR,10.96,8055496,734700
2023-08-15,EXPR,9.74,7683893,788924
2023-08-31,EXPR,5.7,415775,72942
2023-09-15,EXPR,3.03,461010,152359
2023-09-29,EXPR,11.87,479231,40385
2023-10-13,EXPR,11.86,436388,36794
2023-10-31,EXPR,12.45,467634,37550
2023-11-15,EXPR,9.66,423459,43837
2023-11-30,EXPR,7.94,451022,56771
2023-12-15,EXPR,8.83,440554,49874
2023-12-29,EXPR,6.2,476882,76890
2024-01-12,EXPR,9.83,440807,44827
2024-01-31,EXPR,15.06,469790,31195
2024-02-15,EXPR,1.02,602114,591172
2024-02-29,EXPR,3.12,569343,182538
2024-03-15,EXPR,1.0,265240,321553
2024-03-28,EXPR,4.96,219957,44315
2024-04-15,EXPR,1.58,234053,148421
2017-12-29,GME,15.04,36411374,2420954
2018-01-12,GME,7.43,35860720,4824997
2018-01-31,GME,9.06,34995314,3862447
2018-02-15,GME,9.91,36036284,3636343
2018-02-28,GME,10.94,34531012,3155225
2018-03-15,GME,10.01,31573372,3152699
2018-05-15,GME,10.74,43576689,4056383
2018-06-15,GME,5.33,43492169,8164640
2018-06-29,GME,6.79,45820054,6749387
2018-07-13,GME,15.27,46082458,3018622
2018-07-31,GME,19.46,40433500,2077622
2018-08-15,GME,17.89,39487626,2207704
2018-08-31,GME,7.83,39264736,5011840
2018-09-14,GME,5.66,33049840,5843456
2018-09-28,GME,14.29,32220492,2255378
2018-10-15,GME,11.75,26644451,2268101
2018-10-31,GME,10.54,24019096,2279315
2018-11-15,GME,11.74,26839637,2286339
2018-11-30,GME,4.72,28056745,5942396
2018-12-14,GME,9.77,27571943,2822835
2018-12-31,GME,12.01,29725132,2475536
2019-01-15,GME,7.83,30285373,3867048
2019-01-31,GME,5.4,33667346,6232868
2019-02-15,GME,11.78,32920238,2793851
2019-02-28,GME,11.77,35270945,2996878
2019-03-15,GME,12.32,38523726,3127356
2019-03-29,GME,11.56,37916795,3280822
2019-04-15,GME,5.93,41267606,6957610
2019-04-30,GME,10.35,39295659,3798211
2019-05-15,GME,15.4,39837855,2586065
2019-05-31,GME,11.83,41916196,3543259
2019-06-14,GME,3.68,46908850,12757290
2019-06-28,GME,11.19,47834755,4273128
2019-07-15,GME,8.49,66891494,7883287
2019-07-31,GME,9.01,57226706,6348362
2019-08-15,GME,12.68,58090529,4581776
2019-08-30,GME,6.6,60383797,9148701
2019-09-13,GME,5.03,60733786,12075919
2019-09-30,GME,6.75,62209621,9211770
2019-10-15,GME,11.54,64833717,5616880
2019-10-31,GME,17.56,64955956,3698276
2019-11-15,GME,23.24,67269826,2893952
2019-11-29,GME,24.11,67243112,2788547
2019-12-13,GME,11.83,68951766,5828480
2019-12-31,GME,12.96,62679757,4838178
2020-01-15,GME,14.86,65163827,4386250
2020-01-31,GME,23.76,63365288,2667014
2020-02-14,GME,25.93,66318641,2557793
2020-02-28,GME,21.42,68131107,3181115
2020-03-13,GME,18.08,62514110,3457769
2020-03-31,GME,11.62,55993560,4819680
2020-04-15,GME,12.31,58844647,4778578
2020-04-30,GME,14.84,57024141,3843461
2020-05-15,GME,22.13,55593021,2511834
2020-05-29,GME,25.37,56337561,2220521
2020-06-15,GME,11.53,59990702,5203820
2020-06-30,GME,17.03,54559609,3204606
2020-07-15,GME,25.82,53499964,2072383
2020-07-31,GME,20.82,54524532,2618558
2020-08-14,GME,15.5,55688385,3593418
2020-08-31,GME,15.96,57860937,3626133
2020-09-15,GME,6.1,66409745,10885180
2020-09-30,GME,5.62,68628509,12207895
2020-10-15,GME,3.55,70337051,19796553
2020-10-30,GME,8.11,66806277,8242526
2020-11-13,GME,14.05,67454064,4802213
2020-11-30,GME,8.72,67982121,7797115
2020-12-15,GME,6.89,68127116,9885845
2020-12-31,GME,6.14,71196206,11588797
2021-01-15,GME,2.1,61782730,29385884
2021-01-29,GME,1.0,21409004,96789540
2021-02-12,GME,1.0,16468038,40407815
2021-02-26,GME,1.0,14200138,35190707
2021-03-15,GME,1.0,10187324,35871397
2021-03-31,GME,1.0,10696160,21048359
2021-04-15,GME,1.13,11112124,9852978
2021-04-30,GME,2.11,11817478,5600751
2021-05-14,GME,3.15,11972632,3803141
2021-05-28,GME,1.45,11971702,8235755
2021-06-15,GME,1.0,9670734,11563428
2021-06-30,GME,1.56,8224618,5256753
2021-07-15,GME,2.78,8075454,2903947
2021-07-30,GME,3.38,7664869,2270693
2021-08-13,GME,2.5,7573914,3029440
2021-08-31,GME,1.81,7796968,4313674
2021-09-15,GME,2.05,7375940,3598836
2021-09-30,GME,3.13,7820947,2502466
2021-10-15,GME,5.29,7672089,1451392
2021-10-29,GME,3.56,7060752,1985671
2021-11-15,GME,2.22,6775394,3054295
2021-11-30,GME,3.26,6421977,1972550
2021-12-15,GME,2.38,8611843,3611552
2021-12-31,GME,4.7,8449995,1798277
2022-01-14,GME,2.31,9377532,4058237
2022-01-31,GME,2.5,10998384,4406441
2022-02-15,GME,4.02,11943772,2972597
2022-02-28,GME,6.9,11713653,1698488
2022-03-15,GME,5.82,12345458,2120654
2022-03-31,GME,1.08,12249471,11318231
2022-04-14,GME,3.43,14128064,4123456
2022-04-29,GME,8.12,13540994,1668138
2022-05-13,GME,4.06,15123772,3723329
2022-05-31,GME,3.12,15537841,4982613
2022-06-15,GME,3.5,14511385,4145012
2022-06-30,GME,5.53,13301379,2407151
2022-07-15,GME,4.41,14905476,3378234
2022-07-29,GME,7.81,59908446,7672095
2022-08-15,GME,7.96,53245515,6687641
2022-08-31,GME,6.55,49593249,7571276
2022-09-15,GME,7.25,49525156,6831517
2022-09-30,GME,13.76,51092394,3714374
2022-10-14,GME,16.53,53883909,3260389
2022-10-31,GME,8.34,53372724,6399185
2022-11-15,GME,11.32,54655571,4828453
2022-11-30,GME,18.98,54620238,2877559
2022-12-15,GME,8.4,54707097,6511642
2022-12-30,GME,13.01,58411815,4488808
2023-01-13,GME,11.39,60337728,5296325
2023-01-31,GME,11.43,57882022,5063509
2023-02-15,GME,10.99,57289638,5213661
2023-02-28,GME,18.55,56850983,3064416
2023-03-15,GME,18.99,58505711,3080681
2023-03-31,GME,4.93,56723649,11504931
2023-04-14,GME,20.34,56072019,2757166
2023-04-28,GME,23.01,57709747,2508441
2023-05-15,GME,24.08,57320808,2380357
2023-05-31,GME,16.21,55841413,3444084
2023-06-15,GME,6.07,55155121,9085204
2023-06-30,GME,18.46,52281039,2832327
2023-07-14,GME,22.01,51660779,2347478
2023-07-31,GME,21.21,50478950,2379949
2023-08-15,GME,24.16,51203657,2119414
2023-08-31,GME,17.09,51250434,2999209
2023-09-15,GME,12.63,53950371,4272009
2023-09-29,GME,18.12,55894055,3084825
2023-10-13,GME,19.58,58558450,2990283
2023-10-31,GME,17.16,59938352,3493866
2023-11-15,GME,18.31,60673347,3312791
2023-11-30,GME,5.67,63590274,11206851
2023-12-15,GME,5.44,62664063,11523582
2023-12-29,GME,13.22,61174273,4627616
2024-01-12,GME,18.84,60104977,3190257
2024-01-31,GME,20.68,59673027,2885946
2024-02-15,GME,21.11,60191632,2851250
2024-02-29,GME,24.62,60479692,2456534
2024-03-15,GME,18.23,59554103,3266095
2024-03-28,GME,8.09,65688393,8123131
2024-04-15,GME,12.73,59954492,4708722
2024-04-30,GME,17.36,64373343,3708218
2024-05-15,GME,1.03,68391054,66664695
2024-05-31,GME,1.0,46538235,52050019
2024-06-14,GME,1.0,44729815,139302192
2024-06-28,GME,1.2,41953496,35026105
2024-07-15,GME,2.55,40344382,15807656
2024-07-31,GME,3.02,37925649,12549488
2024-08-15,GME,5.6,35971941,6423530
2024-08-30,GME,6.25,35551855,5689610
2024-09-13,GME,2.59,36551732,14091060
2024-09-30,GME,2.81,38133807,13585925
2024-10-15,GME,6.92,35962132,5198923
2024-10-31,GME,5.9,35943712,6090390
2024-11-15,GME,2.5,31866496,12733092
2024-11-29,GME,2.45,32404004,13223249
2024-12-13,GME,2.11,31061785,14746751
2024-12-31,GME,2.57,31301108,12175556
2025-01-15,GME,3.7,32138831,8687628
2025-01-31,GME,5.86,30329696,5180091
2025-02-14,GME,4.43,27717723,6256182
2025-02-28,GME,5.33,28516200,5346341
2025-03-14,GME,6.81,28257093,4148999
2025-03-31,GME,2.15,47564164,22098887
2025-04-15,GME,3.82,50002641,13090592
2025-04-30,GME,6.74,48711464,7230663
2025-05-15,GME,6.43,49516766,7697326
2025-05-30,GME,2.63,47491887,18084761
2017-12-29,GNUS,2.59,178085,68863
2018-01-12,GNUS,3.52,176783,50228
2018-01-31,GNUS,4.14,172682,41700
2018-02-15,GNUS,7.5,174305,23233
2018-02-28,GNUS,30.21,159032,5265
2018-03-15,GNUS,4.91,179127,36462
2018-05-15,GNUS,10.76,134614,12515
2018-06-15,GNUS,1.21,197384,162880
2018-06-29,GNUS,1.72,200078,116561
2018-07-13,GNUS,6.17,203219,32913
2018-07-31,GNUS,17.83,192057,10773
2018-08-15,GNUS,14.5,164620,11356
2018-08-31,GNUS,9.44,160491,17003
2018-09-14,GNUS,13.69,164390,12011
2018-09-28,GNUS,3.68,159447,43275
2018-10-15,GNUS,3.84,169378,44162
2018-10-31,GNUS,6.89,155773,22615
2018-11-15,GNUS,16.06,154396,9615
2018-11-30,GNUS,4.14,164463,39690
2018-12-14,GNUS,7.88,155457,19732
2018-12-31,GNUS,6.92,159338,23023
2019-01-15,GNUS,5.09,154259,30317
2019-01-31,GNUS,9.0,425268,47230
2019-02-15,GNUS,10.02,392067,39140
2019-02-28,GNUS,5.22,117392,22498
2019-03-15,GNUS,3.72,155999,41961
2019-03-29,GNUS,5.77,171456,29708
2019-04-15,GNUS,3.03,168531,55691
2019-04-30,GNUS,5.5,171101,31094
2019-05-15,GNUS,1.32,141226,107328
2019-05-31,GNUS,2.37,183284,77495
2019-06-14,GNUS,6.88,180584,26253
2019-06-28,GNUS,5.97,205332,34405
2019-07-15,GNUS,3.5,192116,54887
2019-07-31,GNUS,3.33,448378,134566
2019-08-15,GNUS,2.32,501168,216454
2019-08-30,GNUS,3.72,531589,142785
2019-09-13,GNUS,4.99,345984,69320
2019-09-30,GNUS,3.89,224515,57684
2019-10-15,GNUS,1.0,102850,332894
2019-10-31,GNUS,1.44,147599,102266
2019-11-15,GNUS,1.0,95850,233975
2019-11-29,GNUS,1.0,396714,751651
2019-12-13,GNUS,2.79,700318,251240
2019-12-31,GNUS,1.0,252034,642748
2020-01-15,GNUS,1.0,271594,923879
2020-01-31,GNUS,1.0,167308,1075404
2020-02-14,GNUS,1.0,36542,263906
2020-02-28,GNUS,1.0,43042,353645
2020-03-13,GNUS,1.0,53729,257772
2020-03-31,GNUS,1.0,75264,869545
2020-04-15,GNUS,1.0,59251,281484
2020-04-30,GNUS,1.0,78960,1293554
2020-05-15,GNUS,1.0,3072064,49148778
2020-05-29,GNUS,1.0,3615919,26843687
2020-06-15,GNUS,1.0,13858030,135527526
2020-06-30,GNUS,1.0,21460213,46596975
2020-07-15,GNUS,1.0,18267448,81600617
2020-07-31,GNUS,1.0,24375655,25318650
2020-08-14,GNUS,1.0,22025454,22720041
2020-08-31,GNUS,1.36,21239237,15599936
2020-09-15,GNUS,1.48,20722377,14024934
2020-09-30,GNUS,1.0,28144537,35903502
2020-10-15,GNUS,1.0,29416090,31442824
2020-10-30,GNUS,1.4,28699953,20484775
2020-11-13,GNUS,1.56,27575982,17705081
2020-11-30,GNUS,1.04,30487349,29223412
2020-12-15,GNUS,1.08,29711118,27583021
2020-12-31,GNUS,1.76,27941854,15843212
2021-01-15,GNUS,2.43,28430418,11703225
2021-01-29,GNUS,1.0,26870376,58557202
2021-02-12,GNUS,1.0,27314591,31607453
2021-02-26,GNUS,1.73,26781352,15484041
2021-03-15,GNUS,1.0,32066157,39268484
2021-03-31,GNUS,1.0,32729488,48110299
2021-04-15,GNUS,2.65,46532947,17538608
2021-04-30,GNUS,3.97,46525189,11719107
2021-05-14,GNUS,5.02,42472803,8455601
2021-05-28,GNUS,4.46,45825697,10271482
2021-06-15,GNUS,2.48,41592101,16738174
2021-06-30,GNUS,4.58,49622977,10835660
2021-07-15,GNUS,7.32,45792516,6254616
2021-07-30,GNUS,10.09,46538319,4613851
2021-08-13,GNUS,9.41,46510766,4943595
2021-08-31,GNUS,8.33,51671907,6204545
2021-09-15,GNUS,12.4,49377181,3980880
2021-09-30,GNUS,10.41,46046304,4422079
2021-10-15,GNUS,15.61,46087709,2951596
2021-10-29,GNUS,1.34,50014926,37342348
2021-11-15,GNUS,5.92,50623846,8558458
2021-11-30,GNUS,7.33,47084674,6420650
2021-12-15,GNUS,8.42,53843134,6395188
2021-12-31,GNUS,9.27,57479124,6200197
2022-01-14,GNUS,10.93,59521910,5447961
2022-01-31,GNUS,8.71,58788373,6751443
2022-02-15,GNUS,14.88,47732404,3207299
2022-02-28,GNUS,20.0,51966903,2598789
2022-03-15,GNUS,18.3,43866450,2397523
2022-03-31,GNUS,11.78,47938160,4069297
2022-04-14,GNUS,13.04,44948758,3446406
2022-04-29,GNUS,18.48,50240703,2718732
2022-05-13,GNUS,16.1,51126522,3175089
2022-05-31,GNUS,4.55,52221993,11484824
2022-06-15,GNUS,14.65,47667045,3254664
2022-06-30,GNUS,7.25,40898473,5640000
2022-07-15,GNUS,25.46,40924893,1607283
2022-07-29,GNUS,26.29,39575442,1505254
2022-08-15,GNUS,17.89,39219348,2192850
2022-08-31,GNUS,6.41,38212002,5964351
2022-09-15,GNUS,33.35,35469710,1063642
2022-09-30,GNUS,33.15,37762476,1139009
2022-10-14,GNUS,39.66,36559805,921886
2022-10-31,GNUS,26.26,35918322,1368054
2022-11-15,GNUS,27.38,35044877,1280054
2022-11-30,GNUS,29.97,35351513,1179712
2022-12-15,GNUS,28.75,33303645,1158267
2022-12-30,GNUS,18.8,32493171,1728539
2023-01-13,GNUS,19.98,32329618,1617868
2023-01-31,GNUS,16.36,31769641,1941621
2023-02-15,GNUS,3.21,3209593,1001148
2023-02-28,GNUS,5.44,3187742,586020
2023-03-15,GNUS,8.69,3094230,355961
2023-03-31,GNUS,15.06,3027386,200986
2023-04-14,GNUS,8.23,3042207,369555
2023-04-28,GNUS,18.98,3129264,164875
2023-05-15,GNUS,27.61,3056463,110694
2023-05-31,GNUS,10.61,2888606,272247
2023-06-15,GNUS,7.32,2789112,380862
2017-12-29,KOSS,1.0,9816,1272050
2018-01-12,KOSS,1.0,7392,406029
2018-01-31,KOSS,1.0,22197,54774
2018-02-15,KOSS,1.38,34388,24895
2018-02-28,KOSS,3.05,45435,14900
2018-03-15,KOSS,1.0,10808,71282
2018-05-15,KOSS,1.0,47280,235147
2018-06-15,KOSS,1.0,9300,47046
2018-06-29,KOSS,1.0,2419,27319
2018-07-13,KOSS,1.0,2705,29332
2018-07-31,KOSS,1.0,1870,20918
2018-08-15,KOSS,1.0,3133,23604
2018-08-31,KOSS,1.0,40082,319782
2018-09-14,KOSS,1.0,17005,49981
2018-09-28,KOSS,1.78,26060,14639
2018-10-15,KOSS,2.07,33271,16106
2018-10-31,KOSS,2.91,20672,7108
2018-11-15,KOSS,1.85,14655,7934
2018-11-30,KOSS,1.37,9849,7208
2018-12-14,KOSS,1.0,6230,9848
2018-12-31,KOSS,1.0,8215,8501
2019-01-15,KOSS,7.95,11605,1460
2019-01-31,KOSS,1.37,9926,7241
2019-02-15,KOSS,1.0,11282,13853
2019-02-28,KOSS,1.1,3398,3089
2019-03-15,KOSS,1.0,2646,17342
2019-03-29,KOSS,1.0,4292,6366
2019-04-15,KOSS,1.0,1450,6435
2019-04-30,KOSS,1.0,1148,3258
2019-05-15,KOSS,1.0,2289,43674
2019-05-31,KOSS,1.0,3000,4827
2019-06-14,KOSS,1.6,19254,12070
2019-06-28,KOSS,3.11,16245,5227
2019-07-15,KOSS,11.17,14730,1319
2019-07-31,KOSS,4.52,14875,3292
2019-08-15,KOSS,3.0,13645,4543
2019-08-30,KOSS,1.0,60513,154499
2019-09-13,KOSS,1.0,17126,23359
2019-09-30,KOSS,1.24,9170,7400
2019-10-15,KOSS,2.59,10149,3920
2019-10-31,KOSS,1.0,932,4999
2019-11-15,KOSS,1.93,17272,8963
2019-11-29,KOSS,2.02,21797,10810
2019-12-13,KOSS,1.0,17897,23319
2019-12-31,KOSS,1.69,24769,14625
2020-01-15,KOSS,1.0,9054,15948
2020-01-31,KOSS,1.44,6151,4268
2020-02-14,KOSS,1.0,2408,4285
2020-02-28,KOSS,1.0,4035,19743
2020-03-13,KOSS,1.61,18476,11461
2020-03-31,KOSS,1.0,903,11890
2020-04-15,KOSS,1.0,2519,6702
2020-04-30,KOSS,1.0,5856,107565
2020-05-15,KOSS,1.0,10623,18010
2020-05-29,KOSS,1.0,8380,9238
2020-06-15,KOSS,1.0,16978,47904
2020-06-30,KOSS,1.0,10096,93297
2020-07-15,KOSS,1.0,18378,121158
2020-07-31,KOSS,1.0,6566,78670
2020-08-14,KOSS,1.0,25421,118385
2020-08-31,KOSS,1.0,25857,65060
2020-09-15,KOSS,1.69,28944,17115
2020-09-30,KOSS,1.18,12140,10271
2020-10-15,KOSS,1.0,9940,22075
2020-10-30,KOSS,1.0,1049,11112
2020-11-13,KOSS,1.0,1578,1587
2020-11-30,KOSS,1.0,4235,4769
2020-12-15,KOSS,1.0,722,17195
2020-12-31,KOSS,1.0,590314,1558848
2021-01-15,KOSS,1.0,12755,67712
2021-01-29,KOSS,1.0,756138,8973430
2021-02-12,KOSS,1.0,289028,3607642
2021-02-26,KOSS,1.0,598690,7091358
2021-03-15,KOSS,1.0,669173,10740153
2021-03-31,KOSS,1.0,833553,3672025
2021-04-15,KOSS,1.0,711425,1192103
2021-04-30,KOSS,1.01,530159,527093
2021-05-14,KOSS,1.0,475695,804712
2021-05-28,KOSS,1.0,551918,2726813
2021-06-15,KOSS,1.0,429729,5280120
2021-06-30,KOSS,1.0,440262,696104
2021-07-15,KOSS,1.24,310849,250637
2021-07-30,KOSS,3.4,578420,170092
2021-08-13,KOSS,1.03,429640,417705
2021-08-31,KOSS,1.0,323906,734856
2021-09-15,KOSS,1.17,245627,209306
2021-09-30,KOSS,1.0,151592,156515
2021-10-15,KOSS,1.0,569720,1641277
2021-10-29,KOSS,1.07,244510,229088
2021-11-15,KOSS,1.0,213743,370502
2021-11-30,KOSS,1.15,174112,151312
2021-12-15,KOSS,1.04,164455,158117
2021-12-31,KOSS,1.21,107278,88993
2022-01-14,KOSS,1.0,92675,135022
2022-01-31,KOSS,1.0,139686,208323
2022-02-15,KOSS,1.38,114354,83104
2022-02-28,KOSS,2.06,80981,39368
2022-03-15,KOSS,1.63,103388,63462
2022-03-31,KOSS,1.0,735085,1861308
2022-04-14,KOSS,3.29,546401,165931
2022-04-29,KOSS,3.74,321932,86133
2022-05-13,KOSS,1.58,227009,143991
2022-05-31,KOSS,4.24,396483,93401
2022-06-15,KOSS,3.1,214651,69168
2022-06-30,KOSS,8.58,317702,37027
2022-07-15,KOSS,6.22,228989,36831
2022-07-29,KOSS,1.0,389596,920943
2022-08-15,KOSS,1.12,219165,195230
2022-08-31,KOSS,1.0,225937,257985
2022-09-15,KOSS,5.46,230519,42204
2022-09-30,KOSS,6.05,217150,35915
2022-10-14,KOSS,9.35,202230,21619
2022-10-31,KOSS,5.25,187446,35701
2022-11-15,KOSS,7.06,167681,23738
2022-11-30,KOSS,13.96,165122,11825
2022-12-15,KOSS,6.47,147211,22759
2022-12-30,KOSS,6.16,143368,23292
2023-01-13,KOSS,5.91,128988,21818
2023-01-31,KOSS,4.19,129836,30954
2023-02-15,KOSS,1.51,113419,74976
2023-02-28,KOSS,4.21,103040,24451
2023-03-15,KOSS,8.25,87938,10663
2023-03-31,KOSS,3.78,70069,18530
2023-04-14,KOSS,5.62,59851,10655
2023-04-28,KOSS,5.33,55141,10352
2023-05-15,KOSS,4.78,58214,12190
2023-05-31,KOSS,1.98,52706,26577
2023-06-15,KOSS,2.36,47296,20078
2023-06-30,KOSS,1.88,47999,25585
2023-07-14,KOSS,4.27,49674,11635
2023-07-31,KOSS,1.0,112902,458765
2023-08-15,KOSS,1.0,28684,33757
2023-08-31,KOSS,1.02,19424,18994
2023-09-15,KOSS,1.0,12171,12967
2023-09-29,KOSS,1.16,19073,16393
2023-10-13,KOSS,1.56,12757,8194
2023-10-31,KOSS,1.24,13726,11093
2023-11-15,KOSS,1.0,9728,33576
2023-11-30,KOSS,1.12,31075,27674
2023-12-15,KOSS,1.2,27086,22638
2023-12-29,KOSS,1.0,11471,16069
2024-01-12,KOSS,1.0,8098,11521
2024-01-31,KOSS,1.0,10531,11920
2024-02-15,KOSS,1.25,16563,13243
2024-02-29,KOSS,1.0,15962,21814
2024-03-15,KOSS,1.0,10845,18420
2024-03-28,KOSS,1.0,9793,14523
2024-04-15,KOSS,1.0,11254,17440
2024-04-30,KOSS,1.35,11568,8597
2024-05-15,KOSS,1.0,1089738,4007405
2024-05-31,KOSS,1.0,340546,376045
2024-06-14,KOSS,1.0,403987,555107
2024-06-28,KOSS,3.44,296733,86383
2024-07-15,KOSS,1.0,805338,16129009
2024-07-31,KOSS,1.0,544075,1994367
2024-08-15,KOSS,1.41,329114,234133
2024-08-30,KOSS,1.0,493514,528482
2024-09-13,KOSS,1.61,466647,289020
2024-09-30,KOSS,2.04,489003,240042
2024-10-15,KOSS,2.81,421425,150134
2024-10-31,KOSS,2.02,409272,202183
2024-11-15,KOSS,1.81,330788,182400
2024-11-29,KOSS,2.06,354104,171889
2024-12-13,KOSS,1.49,311217,208634
2024-12-31,KOSS,1.55,260727,168562
2025-01-15,KOSS,1.72,233639,135729
2025-01-31,KOSS,3.7,258675,69913
2025-02-14,KOSS,3.43,260346,75916
2025-02-28,KOSS,5.62,271418,48319
2025-03-14,KOSS,8.28,272035,32870
2025-03-31,KOSS,4.92,238330,48459
2025-04-15,KOSS,5.5,240784,43753
2025-04-30,KOSS,9.4,247005,26288
2025-05-15,KOSS,9.07,236504,26069
2025-05-30,KOSS,1.56,287900,184047
2017-12-29,NAKD,7.59,565405,74516
2018-01-12,NAKD,7.75,537822,69358
2018-01-31,NAKD,8.97,539089,60123
2018-02-15,NAKD,11.35,521073,45924
2018-02-28,NAKD,6.92,526213,76087
2018-03-15,NAKD,10.27,539083,52508
2018-05-15,NAKD,21.0,467228,22250
2018-06-15,NAKD,1.0,685592,1261794
2018-06-29,NAKD,1.0,305277,1177609
2018-07-13,NAKD,2.83,207707,73377
2018-07-31,NAKD,1.0,236551,347295
2018-08-15,NAKD,2.47,285269,115309
2018-08-31,NAKD,2.07,284959,137915
2018-09-14,NAKD,1.61,276368,171279
2018-09-28,NAKD,2.33,257097,110295
2018-10-15,NAKD,2.03,238672,117389
2018-10-31,NAKD,1.34,201222,150637
2018-11-15,NAKD,1.0,338483,1463786
2018-11-30,NAKD,1.0,196358,306192
2018-12-14,NAKD,1.0,213336,267127
2018-12-31,NAKD,1.19,200945,169336
2019-01-15,NAKD,1.78,260743,146678
2019-01-31,NAKD,4.08,187922,46014
2019-02-15,NAKD,1.0,319720,1642675
2019-02-28,NAKD,1.0,661010,744231
2019-03-15,NAKD,1.17,732253,625212
2019-03-29,NAKD,1.47,715703,485515
2019-04-15,NAKD,2.01,712226,355184
2019-04-30,NAKD,2.88,704600,244770
2019-05-15,NAKD,4.45,675174,151888
2019-05-31,NAKD,3.08,747052,242894
2019-06-14,NAKD,1.0,760497,1655878
2019-06-28,NAKD,1.0,954279,1342391
2019-07-15,NAKD,1.0,899541,11239693
2019-07-31,NAKD,1.0,62101,14286156
2019-08-15,NAKD,1.0,71859,31087243
2019-08-30,NAKD,1.0,3512596,27502670
2019-09-13,NAKD,1.0,613544,15094129
2019-09-30,NAKD,1.0,669856,11265807
2019-10-15,NAKD,1.0,114073,49682121
2019-10-31,NAKD,1.0,903423,9522851
2019-11-15,NAKD,1.0,2269215,12012483
2019-11-29,NAKD,1.0,398230,10916376
2019-12-13,NAKD,1.0,5903741,34724738
2019-12-31,NAKD,1.0,205736,1096954
2020-01-15,NAKD,1.0,375352,1158778
2020-01-31,NAKD,1.0,408447,456818
2020-02-14,NAKD,1.0,402138,513685
2020-02-28,NAKD,1.44,335771,233192
2020-03-13,NAKD,1.0,400211,442833
2020-03-31,NAKD,1.0,299058,319864
2020-04-15,NAKD,1.19,246711,206459
2020-04-30,NAKD,1.0,349384,3386940
2020-05-15,NAKD,1.0,310830,2086796
2020-05-29,NAKD,1.0,317631,2364920
2020-06-15,NAKD,1.0,1533403,24461048
2020-06-30,NAKD,1.0,676710,6098906
2020-07-15,NAKD,1.0,543676,5524065
2020-07-31,NAKD,1.0,484042,6915388
2020-08-14,NAKD,1.0,481964,3708044
2020-08-31,NAKD,1.0,1214125,10027348
2020-09-15,NAKD,1.0,749133,12195456
2020-09-30,NAKD,1.0,636074,27125679
2020-10-15,NAKD,1.0,1457345,77476323
2020-10-30,NAKD,1.0,2762083,46321340
2020-11-13,NAKD,1.0,1546540,18941866
2020-11-30,NAKD,1.0,8613617,302841217
2020-12-15,NAKD,1.0,10410902,42408823
2020-12-31,NAKD,1.0,10547272,105235732
2021-01-15,NAKD,1.0,31256254,293444574
2021-01-29,NAKD,1.0,42092028,477737788
2021-02-12,NAKD,1.0,42907217,242884888
2021-02-26,NAKD,1.0,41192286,103754041
2021-03-15,NAKD,1.0,34971703,76175159
2021-03-31,NAKD,1.0,39659069,66535602
2021-04-15,NAKD,1.0,41272814,66277328
2021-04-30,NAKD,1.0,38586791,100111550
2021-05-14,NAKD,1.0,40106048,63551326
2021-05-28,NAKD,1.0,41875303,47789148
2021-06-15,NAKD,1.0,38877395,166018159
2021-06-30,NAKD,1.0,38727451,40512041
2021-07-15,NAKD,1.42,39620421,27860228
2021-07-30,NAKD,1.56,43162111,27615539
2021-08-13,NAKD,1.93,44183399,22848573
2021-08-31,NAKD,1.0,46909862,61245990
2021-09-15,NAKD,1.32,40314337,30595282
2021-09-30,NAKD,1.0,28248545,137706962
2021-10-15,NAKD,1.0,14587952,45978531
2021-10-29,NAKD,1.0,15851692,35272582
2021-11-15,NAKD,1.0,10867747,97179892
2021-11-30,NAKD,1.0,15990765,65688809
2021-12-15,NAKD,1.0,10664013,35275694
2021-12-31,NAKD,1.0,2016012,6998526
2017-12-29,NOK,2.34,24926108,10663319
2018-01-12,NOK,2.77,29598713,10687242
2018-01-31,NOK,1.93,33210877,17172945
2018-02-15,NOK,1.0,30252506,31494389
2018-02-28,NOK,1.66,25249294,15246161
2018-03-15,NOK,1.74,20661286,11880159
2018-05-15,NOK,1.75,27024469,15403829
2018-06-15,NOK,2.78,31501355,11343601
2018-06-29,NOK,1.84,30977008,16794493
2018-07-13,NOK,2.59,32690026,12636261
2018-07-31,NOK,1.44,31647632,21996557
2018-08-15,NOK,2.75,28717790,10424541
2018-08-31,NOK,3.27,29671602,9063897
2018-09-14,NOK,2.92,25265544,8658770
2018-09-28,NOK,2.13,26688977,12527664
2018-10-15,NOK,2.55,36609064,14337083
2018-10-31,NOK,1.41,32729794,23224236
2018-11-15,NOK,2.14,33720600,15760141
2018-11-30,NOK,2.05,30062547,14676228
2018-12-14,NOK,1.06,31452818,29783108
2018-12-31,NOK,1.24,31080215,25029944
2019-01-15,NOK,1.52,34510297,22697318
2019-01-31,NOK,1.16,38465904,33088978
2019-02-15,NOK,1.75,50475615,28876354
2019-02-28,NOK,2.07,53420112,25775471
2019-03-15,NOK,2.58,56921457,22045413
2019-03-29,NOK,1.48,50280319,34081071
2019-04-15,NOK,2.6,44453559,17095887
2019-04-30,NOK,2.11,56180465,26670383
2019-05-15,NOK,1.75,48430811,27600610
2019-05-31,NOK,1.9,55577469,29302678
2019-06-14,NOK,3.01,57860135,19212953
2019-06-28,NOK,2.98,51783706,17369821
2019-07-15,NOK,3.47,49523531,14291237
2019-07-31,NOK,1.23,39542290,32077586
2019-08-15,NOK,1.95,38813798,19863906
2019-08-30,NOK,2.52,36079678,14337421
2019-09-13,NOK,2.52,36397586,14422483
2019-09-30,NOK,2.46,43000014,17515025
2019-10-15,NOK,1.64,40357588,24637962
2019-10-31,NOK,1.0,50158904,60470033
2019-11-15,NOK,1.38,42272162,30530540
2019-11-29,NOK,2.15,42758951,19923003
2019-12-13,NOK,1.83,33468481,18334248
2019-12-31,NOK,1.88,26245230,13974393
2020-01-15,NOK,1.02,29323522,28660571
2020-01-31,NOK,1.48,35308828,23851906
2020-02-14,NOK,1.0,39585879,49306616
2020-02-28,NOK,1.0,40910714,42398536
2020-03-13,NOK,1.0,32136823,37594717
2020-03-31,NOK,1.0,20992924,34906800
2020-04-15,NOK,1.0,18048895,19155995
2020-04-30,NOK,1.05,26206747,25059267
2020-05-15,NOK,1.09,21036111,19221594
2020-05-29,NOK,1.2,23026411,19266390
2020-06-15,NOK,1.0,24390141,34228124
2020-06-30,NOK,1.0,21703233,28027997
2020-07-15,NOK,1.0,35764680,36301572
2020-07-31,NOK,1.35,36797414,27166969
2020-08-14,NOK,1.26,37547824,29835283
2020-08-31,NOK,2.3,38780589,16839443
2020-09-15,NOK,1.05,40850540,38788599
2020-09-30,NOK,1.81,40931004,22574959
2020-10-15,NOK,2.37,44171986,18657131
2020-10-30,NOK,1.23,48905679,39761575
2020-11-13,NOK,1.41,53349590,37913682
2020-11-30,NOK,2.16,51150264,23628603
2020-12-15,NOK,2.08,48242505,23166545
2020-12-31,NOK,2.67,50518233,18898510
2021-01-15,NOK,1.72,59550824,34557798
2021-01-29,NOK,1.0,56837102,292299000
2021-02-12,NOK,1.0,48267813,102049744
2021-02-26,NOK,1.0,41223801,54366562
2021-03-15,NOK,1.0,30583408,42016206
2021-03-31,NOK,1.0,24247495,35133714
2021-04-15,NOK,1.18,28227293,23873844
2021-04-30,NOK,1.0,30227472,38761454
2021-05-14,NOK,1.0,33280270,44285418
2021-05-28,NOK,1.02,33425798,32698096
2021-06-15,NOK,1.0,37910354,47233113
2021-06-30,NOK,1.0,29064391,29238239
2021-07-15,NOK,1.0,31760218,34692114
2021-07-30,NOK,1.07,33345246,31161885
2021-08-13,NOK,1.77,37781989,21389379
2021-08-31,NOK,2.22,35224476,15836121
2021-09-15,NOK,1.95,34196259,17527771
2021-09-30,NOK,1.48,31442774,21226167
2021-10-15,NOK,1.88,33658333,17914263
2021-10-29,NOK,1.74,36767022,21177024
2021-11-15,NOK,2.05,36309610,17698674
2021-11-30,NOK,1.89,39169134,20767749
2021-12-15,NOK,1.7,43604897,25724505
2021-12-31,NOK,2.45,41621327,16998006
2022-01-14,NOK,1.73,44941848,25926188
2022-01-31,NOK,1.06,37552594,35477385
2022-02-15,NOK,1.52,37699900,24823680
2022-02-28,NOK,1.08,36508513,33938394
2022-03-15,NOK,1.0,34604435,36402946
2022-03-31,NOK,1.6,34887535,21747810
2022-04-14,NOK,1.5,31035920,20732642
2022-04-29,NOK,1.0,33560759,35450908
2022-05-13,NOK,1.0,26954691,41866545
2022-05-31,NOK,1.0,22207609,32613694
2022-06-15,NOK,1.0,20869715,35671143
2022-06-30,NOK,1.0,19186557,35767688
2022-07-15,NOK,1.0,17144323,24454496
2022-07-29,NOK,1.0,18332331,22919477
2022-08-15,NOK,1.0,18698013,23916980
2022-08-31,NOK,1.0,21976796,28938247
2022-09-15,NOK,1.0,21943038,24981209
2022-09-30,NOK,1.0,20484071,25386620
2022-10-14,NOK,1.0,14681435,22453560
2022-10-31,NOK,1.0,12274297,35075334
2022-11-15,NOK,1.0,12406173,25186223
2022-11-30,NOK,1.0,11862934,18786035
2022-12-15,NOK,1.0,13738821,17754068
2022-12-30,NOK,1.0,13348946,13741273
2023-01-13,NOK,1.0,12953653,15812324
2023-01-31,NOK,1.0,17176895,25711375
2023-02-15,NOK,1.0,16195530,16383979
2023-02-28,NOK,1.0,12628335,14675255
2023-03-15,NOK,1.0,13204054,17478798
2023-03-31,NOK,1.0,13666686,15042895
2023-04-14,NOK,1.0,10664308,14029453
2023-04-28,NOK,1.0,12618278,26724874
2023-05-15,NOK,1.13,16640990,14716744
2023-05-31,NOK,1.25,18174438,14583169
2023-06-15,NOK,1.56,20925364,13449037
2023-06-30,NOK,1.47,22670420,15473755
2023-07-14,NOK,1.16,20451609,17585157
2023-07-31,NOK,1.0,15373259,20713638
2023-08-15,NOK,1.31,20766843,15907240
2023-08-31,NOK,1.34,15596574,11680076
2023-09-15,NOK,1.49,27838413,18685427
2023-09-29,NOK,2.01,28519287,14169506
2023-10-13,NOK,1.0,18218702,22529704
2023-10-31,NOK,1.0,22721325,25012925
2023-11-15,NOK,2.22,28992296,13073710
2023-11-30,NOK,2.89,22590730,7824952
2023-12-15,NOK,1.0,16347038,24977606
2023-12-29,NOK,1.8,25370584,14094962
2024-01-12,NOK,1.64,21092870,12833723
2024-01-31,NOK,1.0,19380099,20400745
2024-02-15,NOK,1.65,22389187,13564221
2024-02-29,NOK,2.27,26727087,11772010
2024-03-15,NOK,2.11,30810818,14610061
2024-03-28,NOK,1.68,26330313,15695264
2024-04-15,NOK,1.42,19568835,13821368
2024-04-30,NOK,1.16,21308358,18393630
2024-05-15,NOK,1.79,25768492,14364586
2024-05-31,NOK,2.06,23635615,11492851
2024-06-14,NOK,1.77,18522543,10468585
2024-06-28,NOK,1.22,14671021,11982262
2024-07-15,NOK,1.58,20972145,13289370
2024-07-31,NOK,1.6,23947189,14942476
2024-08-15,NOK,2.17,28462733,13139543
2024-08-30,NOK,1.65,24565062,14892980
2024-09-13,NOK,1.52,32630209,21523369
2024-09-30,NOK,2.0,47791368,23843081
2024-10-15,NOK,3.59,48801476,13589454
2024-10-31,NOK,2.03,58433246,28737196
2024-11-15,NOK,3.71,56462562,15229364
2024-11-29,NOK,2.28,50895709,22285968
2024-12-13,NOK,3.53,50848207,14412309
2024-12-31,NOK,5.18,52863330,10203750
2025-01-15,NOK,4.0,55846764,13975682
2025-01-31,NOK,2.44,57349560,23531589
2025-02-14,NOK,3.45,66096689,19183666
2025-02-28,NOK,3.72,74633995,20077704
2025-03-14,NOK,1.47,48179268,32697240
2025-03-31,NOK,2.51,41961248,16740154
2025-04-15,NOK,1.5,35544079,23695078
2025-04-30,NOK,1.3,30226330,23310810
2025-05-15,NOK,1.83,30806409,16866181
2025-05-30,NOK,2.4,36645057,15242281
