ticker,date,marketCap
AAMI,2024-06-30,832433417
AAMI,2024-07-31,970884121
AAMI,2024-08-31,904156690
AAMI,2024-09-30,941598193
AAMI,2024-10-31,978298280
AAMI,2024-11-30,1155867388
AAMI,2024-12-31,976444740
AAMI,2025-01-31,923804211
AAMI,2025-02-28,914165804
AAMI,2025-03-31,958650758
AAMI,2025-04-30,1008108000
AAMI,2025-05-31,1124969820
AAMI,2025-06-30,1182507300
AAOI,2024-06-30,318021958
AAOI,2024-07-31,366358226
AAOI,2024-08-31,446789572
AAOI,2024-09-30,563309143
AAOI,2024-10-31,614876926
AAOI,2024-11-30,1744092849
AAOI,2024-12-31,1559613353
AAOI,2025-01-31,1181345763
AAOI,2025-02-28,908032724
AAOI,2025-03-31,637616757
AAOI,2025-04-30,589069030
AAOI,2025-05-31,771632220
AAOI,2025-06-30,1173461450
AAT,2024-06-30,1349736031
AAT,2024-07-31,1599497524
AAT,2024-08-31,1643525925
AAT,2024-09-30,1611560100
AAT,2024-10-31,1625472460
AAT,2024-11-30,1715508450
AAT,2024-12-31,1584010263
AAT,2025-01-31,1464576131
AAT,2025-02-28,1356329775
AAT,2025-03-31,1216228035
AAT,2025-04-30,1138115058
AAT,2025-05-31,1211639842
AAT,2025-06-30,1229261485
ABCB,2024-06-30,3465288400
ABCB,2024-07-31,4189110220
ABCB,2024-08-31,4240020740
ABCB,2024-09-30,4292307220
ABCB,2024-10-31,4264850010
ABCB,2024-11-30,4835193720
ABCB,2024-12-31,4303877450
ABCB,2025-01-31,4515735250
ABCB,2025-02-28,4442135300
ABCB,2025-03-31,3959952450
ABCB,2025-04-30,4030801000
ABCB,2025-05-31,4228213950
ABCB,2025-06-30,4189694350
ABG,2024-06-30,4580187000
ABG,2024-07-31,5411322000
ABG,2024-08-31,4937364000
ABG,2024-09-30,4795659000
ABG,2024-10-31,4488448000
ABG,2024-11-30,5118651000
ABG,2024-12-31,4787691000
ABG,2025-01-31,5814928000
ABG,2025-02-28,5260640000
ABG,2025-03-31,4328464000
ABG,2025-04-30,4275543999
ABG,2025-05-31,4467036000
ABG,2025-06-30,4657352000
ABM,2024-06-30,3190967000
ABM,2024-07-31,3511392000
ABM,2024-08-31,3611880000
ABM,2024-09-30,3334432000
ABM,2024-10-31,3353392000
ABM,2024-11-30,3584559000
ABM,2024-12-31,3208986000
ABM,2025-01-31,3345672000
ABM,2025-02-28,3406491000
ABM,2025-03-31,2969472000
ABM,2025-04-30,3055998000
ABM,2025-05-31,3301155000
ABM,2025-06-30,2720596000
ABOS,2024-06-30,145393062
ABOS,2024-07-31,198263267
ABOS,2024-08-31,164618591
ABOS,2024-09-30,148997849
ABOS,2024-10-31,173029760
ABOS,2024-11-30,136381096
ABOS,2024-12-31,103337218
ABOS,2025-01-31,90119667
ABOS,2025-02-28,76902115
ABOS,2025-03-31,66051180
ABOS,2025-04-30,67906313
ABOS,2025-05-31,61736140
ABOS,2025-06-30,72630753
ABR,2024-06-30,2707210744
ABR,2024-07-31,2544936732
ABR,2024-08-31,2563788115
ABR,2024-09-30,2939660271
ABR,2024-10-31,2784742442
ABR,2024-11-30,2771517749
ABR,2024-12-31,2616599920
ABR,2025-01-31,2529694796
ABR,2025-02-28,2331324405
ABR,2025-03-31,2219859138
ABR,2025-04-30,2191400747
ABR,2025-05-31,1820782234
ABR,2025-06-30,1923415053
ABSI,2024-06-30,306131465
ABSI,2024-07-31,437330665
ABSI,2024-08-31,496909978
ABSI,2024-09-30,431408208
ABSI,2024-10-31,433666890
ABSI,2024-11-30,346521138
ABSI,2024-12-31,297668504
ABSI,2025-01-31,421507691
ABSI,2025-02-28,437413642
ABSI,2025-03-31,288474204
ABSI,2025-04-30,352834983
ABSI,2025-05-31,329822813
ABSI,2025-06-30,347247414
ABUS,2024-06-30,542682955
ABUS,2024-07-31,708916413
ABUS,2024-08-31,727720562
ABUS,2024-09-30,723959732
ABUS,2024-10-31,723959732
ABUS,2024-11-30,653930291
ABUS,2024-12-31,618020824
ABUS,2025-01-31,629360656
ABUS,2025-02-28,652040319
ABUS,2025-03-31,647774970
ABUS,2025-04-30,674370396
ABUS,2025-05-31,640775805
ABUS,2025-06-30,654125301
ACA,2024-06-30,4045385000
ACA,2024-07-31,4515426000
ACA,2024-08-31,4446414000
ACA,2024-09-30,4605336000
ACA,2024-10-31,4560268000
ACA,2024-11-30,5290768000
ACA,2024-12-31,4711238000
ACA,2025-01-31,4933310000
ACA,2025-02-28,4084956000
ACA,2025-03-31,3755744000
ACA,2025-04-30,3899408999
ACA,2025-05-31,4201349000
ACA,2025-06-30,4129760000
ACAD,2024-06-30,2677967500
ACAD,2024-07-31,3134457960
ACAD,2024-08-31,2744835579
ACAD,2024-09-30,2546174380
ACAD,2024-10-31,2415389090
ACAD,2024-11-30,2708695680
ACAD,2024-12-31,3045622900
ACAD,2025-01-31,3097074840
ACAD,2025-02-28,3248053200
ACAD,2025-03-31,2752559370
ACAD,2025-04-30,2431411000
ACAD,2025-05-31,3598048560
ACAD,2025-06-30,3788209680
ACCD,2024-06-30,279667784
ACCD,2024-07-31,320289921
ACCD,2024-08-31,339038599
ACCD,2024-09-30,300760048
ACCD,2024-10-31,253828382
ACCD,2024-11-30,309078093
ACCD,2024-12-31,273846393
ACCD,2025-01-31,555656314
ACCD,2025-02-28,562108056
ACCD,2025-03-31,562914524
ACCD,2025-04-30,566140395
ACCO,2024-06-30,454960000
ACCO,2024-07-31,490560000
ACCO,2024-08-31,526080000
ACCO,2024-09-30,514180000
ACCO,2024-10-31,460600000
ACCO,2024-11-30,547080000
ACCO,2024-12-31,489825000
ACCO,2025-01-31,490758000
ACCO,2025-02-28,435711000
ACCO,2025-03-31,390927000
ACCO,2025-04-30,360138000
ACCO,2025-05-31,334947000
ACCO,2025-06-30,314421000
ACDC,2024-06-30,1187082000
ACDC,2024-07-31,1488257999
ACDC,2024-08-31,1097370000
ACDC,2024-09-30,1087758000
ACDC,2024-10-31,954792000
ACDC,2024-11-30,1452107000
ACDC,2024-12-31,1242376000
ACDC,2025-01-31,1163927000
ACDC,2025-02-28,1151119000
ACDC,2025-03-31,1215159000
ACDC,2025-04-30,664415000
ACDC,2025-05-31,1336068000
ACDC,2025-06-30,1501073999
ACEL,2024-06-30,864897480
ACEL,2024-07-31,1023714199
ACEL,2024-08-31,978402260
ACEL,2024-09-30,975045819
ACEL,2024-10-31,915790079
ACEL,2024-11-30,958925120
ACEL,2024-12-31,885927360
ACEL,2025-01-31,934869040
ACEL,2025-02-28,901955190
ACEL,2025-03-31,830770240
ACEL,2025-04-30,862594100
ACEL,2025-05-31,964953660
ACEL,2025-06-30,970113840
ACHR,2024-06-30,1175934246
ACHR,2024-07-31,1657662895
ACHR,2024-08-31,1351571665
ACHR,2024-09-30,1204488866
ACHR,2024-10-31,1252191395
ACHR,2024-11-30,3804276716
ACHR,2024-12-31,3875830510
ACHR,2025-01-31,3756574187
ACHR,2025-02-28,3529987172
ACHR,2025-03-31,2826374864
ACHR,2025-04-30,3311350579
ACHR,2025-05-31,4010987677
ACHR,2025-06-30,3991111623
ACHV,2024-06-30,161297932
ACHV,2024-07-31,171088149
ACHV,2024-08-31,150818669
ACHV,2024-09-30,162842937
ACHV,2024-10-31,160781634
ACHV,2024-11-30,151505770
ACHV,2024-12-31,120929776
ACHV,2025-01-31,112341013
ACHV,2025-02-28,105470003
ACHV,2025-03-31,85629959
ACHV,2025-04-30,89728043
ACHV,2025-05-31,124172557
ACHV,2025-06-30,116194991
ACIC,2024-06-30,504512763
ACIC,2024-07-31,586890231
ACIC,2024-08-31,539785200
ACIC,2024-09-30,540383933
ACIC,2024-10-31,582578952
ACIC,2024-11-30,658338191
ACIC,2024-12-31,643810805
ACIC,2025-01-31,583064912
ACIC,2025-02-28,580673341
ACIC,2025-03-31,553409436
ACIC,2025-04-30,546713039
ACIC,2025-05-31,516579249
ACIC,2025-06-30,496968370
ACIW,2024-06-30,4228172410
ACIW,2024-07-31,4556225850
ACIW,2024-08-31,5307692200
ACIW,2024-09-30,5364605500
ACIW,2024-10-31,5185434000
ACIW,2024-11-30,5953031400
ACIW,2024-12-31,5438610700
ACIW,2025-01-31,5610433500
ACIW,2025-02-28,6027714400
ACIW,2025-03-31,5750239840
ACIW,2025-04-30,5608349440
ACIW,2025-05-31,4873491000
ACIW,2025-06-30,4697556500
ACLS,2024-06-30,4640797077
ACLS,2024-07-31,4118757300
ACLS,2024-08-31,3563939340
ACLS,2024-09-30,3417900300
ACLS,2024-10-31,2780935380
ACLS,2024-11-30,2416512000
ACLS,2024-12-31,2274268500
ACLS,2025-01-31,2213400000
ACLS,2025-02-28,1776510960
ACLS,2025-03-31,1610500080
ACLS,2025-04-30,1588127520
ACLS,2025-05-31,1817415720
ACLS,2025-06-30,2129673159
ACLX,2024-06-30,2953598097
ACLX,2024-07-31,3326731206
ACLX,2024-08-31,3699716924
ACLX,2024-09-30,4483987860
ACLX,2024-10-31,4524795318
ACLX,2024-11-30,4728832605
ACLX,2024-12-31,4117794623
ACLX,2025-01-31,3658173786
ACLX,2025-02-28,3480446570
ACLX,2025-03-31,3522327908
ACLX,2025-04-30,3487426793
ACLX,2025-05-31,3429216155
ACLX,2025-06-30,3481157232
ACMR,2024-06-30,1433833189
ACMR,2024-07-31,1121891208
ACMR,2024-08-31,1127516290
ACMR,2024-09-30,1268768330
ACMR,2024-10-31,1175016976
ACMR,2024-11-30,1074390522
ACMR,2024-12-31,943763635
ACMR,2025-01-31,1284393556
ACMR,2025-02-28,1621273423
ACMR,2025-03-31,1458771076
ACMR,2025-04-30,1222604222
ACMR,2025-05-31,1426689656
ACMR,2025-06-30,1545000506
ACNB,2024-06-30,308377260
ACNB,2024-07-31,352876167
ACNB,2024-08-31,357470022
ACNB,2024-09-30,371346665
ACNB,2024-10-31,357145866
ACNB,2024-11-30,398472744
ACNB,2024-12-31,338693329
ACNB,2025-01-31,349492740
ACNB,2025-02-28,348387288
ACNB,2025-03-31,350002948
ACNB,2025-04-30,410981991
ACNB,2025-05-31,407647849
ACNB,2025-06-30,404902085
ACRE,2024-06-30,361736040
ACRE,2024-07-31,420484148
ACRE,2024-08-31,384248350
ACRE,2024-09-30,380982784
ACRE,2024-10-31,345605811
ACRE,2024-11-30,393231141
ACRE,2024-12-31,320793825
ACRE,2025-01-31,308267072
ACRE,2025-02-28,266495469
ACRE,2025-03-31,252325976
ACRE,2025-04-30,221807067
ACRE,2025-05-31,252760542
ACRE,2025-06-30,265919442
ACRV,2024-06-30,209569172
ACRV,2024-07-31,302791322
ACRV,2024-08-31,342898525
ACRV,2024-09-30,252928312
ACRV,2024-10-31,289060928
ACRV,2024-11-30,288836892
ACRV,2024-12-31,229392888
ACRV,2025-01-31,231298145
ACRV,2025-02-28,202338245
ACRV,2025-03-31,381663651
ACRV,2025-04-30,53539376
ACRV,2025-05-31,40267966
ACRV,2025-06-30,45253523
ACT,2024-06-30,4869359880
ACT,2024-07-31,5349277790
ACT,2024-08-31,5588211150
ACT,2024-09-30,5710821690
ACT,2024-10-31,5358709370
ACT,2024-11-30,5477302810
ACT,2024-12-31,5037065180
ACT,2025-01-31,5254850580
ACT,2025-02-28,5278602060
ACT,2025-03-31,5335410750
ACT,2025-04-30,5434031490
ACT,2025-05-31,5374817400
ACT,2025-06-30,5508428680
ACTG,2024-06-30,501399813
ACTG,2024-07-31,535426946
ACTG,2024-08-31,481383852
ACTG,2024-09-30,466371881
ACTG,2024-10-31,452360709
ACTG,2024-11-30,454338989
ACTG,2024-12-31,433369497
ACTG,2025-01-31,435366592
ACTG,2025-02-28,419389836
ACTG,2025-03-31,317484272
ACTG,2025-04-30,306570750
ACTG,2025-05-31,358147315
ACTG,2025-06-30,343744608
ACVA,2024-06-30,2972735966
ACVA,2024-07-31,2782155085
ACVA,2024-08-31,3075616931
ACVA,2024-09-30,3341918344
ACVA,2024-10-31,2842192236
ACVA,2024-11-30,3748658060
ACVA,2024-12-31,3579620428
ACVA,2025-01-31,3506702234
ACVA,2025-02-28,2673744490
ACVA,2025-03-31,2345769606
ACVA,2025-04-30,2445660433
ACVA,2025-05-31,2757523860
ACVA,2025-06-30,2634630550
ADCT,2024-06-30,302384334
ADCT,2024-07-31,348018591
ADCT,2024-08-31,303992143
ADCT,2024-09-30,331999532
ADCT,2024-10-31,297218629
ADCT,2024-11-30,255059958
ADCT,2024-12-31,209739387
ADCT,2025-01-31,177066417
ADCT,2025-02-28,185498151
ADCT,2025-03-31,148609314
ADCT,2025-04-30,150717248
ADCT,2025-05-31,331255335
ADCT,2025-06-30,296950575
ADEA,2024-06-30,1205890350
ADEA,2024-07-31,1266238750
ADEA,2024-08-31,1369204200
ADEA,2024-09-30,1294223970
ADEA,2024-10-31,1350730810
ADEA,2024-11-30,1321504200
ADEA,2024-12-31,1524309300
ADEA,2025-01-31,1401099750
ADEA,2025-02-28,1715256360
ADEA,2025-03-31,1442473860
ADEA,2025-04-30,1343181030
ADEA,2025-05-31,1386052320
ADEA,2025-06-30,1483205520
ADMA,2024-06-30,2598429271
ADMA,2024-07-31,2880536497
ADMA,2024-08-31,4060430518
ADMA,2024-09-30,4726310842
ADMA,2024-10-31,3856234609
ADMA,2024-11-30,4754682893
ADMA,2024-12-31,4054838966
ADMA,2025-01-31,3818405207
ADMA,2025-02-28,3875149310
ADMA,2025-03-31,4690845778
ADMA,2025-04-30,5627123464
ADMA,2025-05-31,4717465443
ADMA,2025-06-30,4218136944
ADNT,2024-06-30,2236255000
ADNT,2024-07-31,2331280000
ADNT,2024-08-31,2004132000
ADNT,2024-09-30,1999702000
ADNT,2024-10-31,1730358000
ADNT,2024-11-30,1663395000
ADNT,2024-12-31,1490395000
ADNT,2025-01-31,1476321000
ADNT,2025-02-28,1340801000
ADNT,2025-03-31,1089242000
ADNT,2025-04-30,1067660000
ADNT,2025-05-31,1309560000
ADNT,2025-06-30,1585080000
ADPT,2024-06-30,527750847
ADPT,2024-07-31,670734132
ADPT,2024-08-31,692846246
ADPT,2024-09-30,754760166
ADPT,2024-10-31,713484219
ADPT,2024-11-30,876247404
ADPT,2024-12-31,885098388
ADPT,2025-01-31,1143252084
ADPT,2025-02-28,1215059612
ADPT,2025-03-31,1092965244
ADPT,2025-04-30,1098075406
ADPT,2025-05-31,1420336666
ADPT,2025-06-30,1548644390
ADTN,2024-06-30,414561640
ADTN,2024-07-31,533570779
ADTN,2024-08-31,439994160
ADTN,2024-09-30,467592360
ADTN,2024-10-31,479420160
ADTN,2024-11-30,671092000
ADTN,2024-12-31,657670160
ADTN,2025-01-31,818732239
ADTN,2025-02-28,835991870
ADTN,2025-03-31,689673520
ADTN,2025-04-30,605837060
ADTN,2025-05-31,638658020
ADTN,2025-06-30,627523260
ADUS,2024-06-30,1865074930
ADUS,2024-07-31,1949405680
ADUS,2024-08-31,2151702770
ADUS,2024-09-30,2152026310
ADUS,2024-10-31,2012742340
ADUS,2024-11-30,2194905120
ADUS,2024-12-31,2239753800
ADUS,2025-01-31,2236358880
ADUS,2025-02-28,1752016380
ADUS,2025-03-31,1809093660
ADUS,2025-04-30,1897373400
ADUS,2025-05-31,2040633090
ADUS,2025-06-30,2093622210
ADV,2024-06-30,1035095259
ADV,2024-07-31,1289047201
ADV,2024-08-31,1249202106
ADV,2024-09-30,1107173960
ADV,2024-10-31,987741200
ADV,2024-11-30,1143046832
ADV,2024-12-31,937555267
ADV,2025-01-31,847652707
ADV,2025-02-28,805912233
ADV,2025-03-31,484831662
ADV,2025-04-30,430247965
ADV,2025-05-31,382803293
ADV,2025-06-30,524344007
ADVM,2024-06-30,143044720
ADVM,2024-07-31,154721840
ADVM,2024-08-31,144712880
ADVM,2024-09-30,146381040
ADVM,2024-10-31,152219600
ADVM,2024-11-30,138616640
ADVM,2024-12-31,97490920
ADVM,2025-01-31,88096720
ADVM,2025-02-28,98325960
ADVM,2025-03-31,91228120
ADVM,2025-04-30,32824939
ADVM,2025-05-31,46482360
ADVM,2025-06-30,47110500
AEHR,2024-06-30,322433220
AEHR,2024-07-31,546343110
AEHR,2024-08-31,440375130
AEHR,2024-09-30,372046050
AEHR,2024-10-31,409826560
AEHR,2024-11-30,346082230
AEHR,2024-12-31,484049410
AEHR,2025-01-31,336036470
AEHR,2025-02-28,285912760
AEHR,2025-03-31,216214110
AEHR,2025-04-30,253622489
AEHR,2025-05-31,283652820
AEHR,2025-06-30,331522950
AEIS,2024-06-30,4063164840
AEIS,2024-07-31,4360849380
AEIS,2024-08-31,3975616660
AEIS,2024-09-30,3943763760
AEIS,2024-10-31,4073347960
AEIS,2024-11-30,4317681280
AEIS,2024-12-31,4339825160
AEIS,2025-01-31,4319182560
AEIS,2025-02-28,4323021120
AEIS,2025-03-31,3577556160
AEIS,2025-04-30,3662616000
AEIS,2025-05-31,4315728000
AEIS,2025-06-30,4836488000
AEO,2024-06-30,3920722840
AEO,2024-07-31,4331259450
AEO,2024-08-31,3985543379
AEO,2024-09-30,4336069790
AEO,2024-10-31,3793818990
AEO,2024-11-30,3726037639
AEO,2024-12-31,3194472100
AEO,2025-01-31,3092908200
AEO,2025-02-28,2508436700
AEO,2025-03-31,2245371329
AEO,2025-04-30,2005933409
AEO,2025-05-31,2087847120
AEO,2025-06-30,1857345750
AESI,2024-06-30,2051414830
AESI,2024-07-31,2186254440
AESI,2024-08-31,2342339760
AESI,2024-09-30,2421195200
AESI,2024-10-31,2150410310
AESI,2024-11-30,2589942310
AESI,2024-12-31,2437204940
AESI,2025-01-31,2522913680
AESI,2025-02-28,2135986080
AESI,2025-03-31,1966253440
AESI,2025-04-30,1491222480
AESI,2025-05-31,1436676750
AESI,2025-06-30,1702728000
AEVA,2024-06-30,133547634
AEVA,2024-07-31,194945661
AEVA,2024-08-31,177223328
AEVA,2024-09-30,177614644
AEVA,2024-10-31,198669267
AEVA,2024-11-30,248336584
AEVA,2024-12-31,260062918
AEVA,2025-01-31,232140373
AEVA,2025-02-28,196005315
AEVA,2025-03-31,383250616
AEVA,2025-04-30,389273125
AEVA,2025-05-31,1000284107
AEVA,2025-06-30,1375869711
AEYE,2024-06-30,206195490
AEYE,2024-07-31,292926090
AEYE,2024-08-31,283329630
AEYE,2024-09-30,267413550
AEYE,2024-10-31,249273900
AEYE,2024-11-30,321963200
AEYE,2024-12-31,181911600
AEYE,2025-01-31,226522400
AEYE,2025-02-28,155599600
AEYE,2025-03-31,135153600
AEYE,2025-04-30,134431500
AEYE,2025-05-31,151405800
AEYE,2025-06-30,146325900
AFCG,2024-06-30,248805275
AFCG,2024-07-31,182933058
AFCG,2024-08-31,213384041
AFCG,2024-09-30,208284040
AFCG,2024-10-31,198900039
AFCG,2024-11-30,201256769
AFCG,2024-12-31,172298961
AFCG,2025-01-31,168368972
AFCG,2025-02-28,176435790
AFCG,2025-03-31,121413211
AFCG,2025-04-30,120105349
AFCG,2025-05-31,109605975
AFCG,2025-06-30,102313642
AFRI,2024-06-30,286802088
AFRI,2024-07-31,315294142
AFRI,2024-08-31,303467251
AFRI,2024-09-30,304811216
AFRI,2024-10-31,276319162
AFRI,2024-11-30,274975198
AFRI,2024-12-31,275512784
AFRI,2025-01-31,258310034
AFRI,2025-02-28,243257628
AFRI,2025-03-31,231161945
AFRI,2025-04-30,220679020
AFRI,2025-05-31,209120922
AFRI,2025-06-30,208045751
AGEN,2024-06-30,341164083
AGEN,2024-07-31,123022750
AGEN,2024-08-31,108469300
AGEN,2024-09-30,115419760
AGEN,2024-10-31,88460400
AGEN,2024-11-30,73701000
AGEN,2024-12-31,59047000
AGEN,2025-01-31,81890000
AGEN,2025-02-28,61417500
AGEN,2025-03-31,32424230
AGEN,2025-04-30,65043415
AGEN,2025-05-31,83928670
AGEN,2025-06-30,116961820
AGIO,2024-06-30,2449325783
AGIO,2024-07-31,2641988299
AGIO,2024-08-31,2614087991
AGIO,2024-09-30,2523953448
AGIO,2024-10-31,2523953448
AGIO,2024-11-30,3373792376
AGIO,2024-12-31,1866691656
AGIO,2025-01-31,1953607001
AGIO,2025-02-28,2018935529
AGIO,2025-03-31,1664457259
AGIO,2025-04-30,1705963499
AGIO,2025-05-31,1843865567
AGIO,2025-06-30,1977170899
AGL,2024-06-30,2674454520
AGL,2024-07-31,2817582820
AGL,2024-08-31,1677985680
AGL,2024-09-30,1616295030
AGL,2024-10-31,1048741049
AGL,2024-11-30,860225190
AGL,2024-12-31,782022900
AGL,2025-01-31,1374713940
AGL,2025-02-28,1285577280
AGL,2025-03-31,1784150520
AGL,2025-04-30,1755307440
AGL,2025-05-31,916717920
AGL,2025-06-30,871294960
AGM,2024-06-30,1967140780
AGM,2024-07-31,2244292260
AGM,2024-08-31,2149066010
AGM,2024-09-30,2037896340
AGM,2024-10-31,1992877980
AGM,2024-11-30,2321272780
AGM,2024-12-31,2145967199
AGM,2025-01-31,2155010880
AGM,2025-02-28,2278026720
AGM,2025-03-31,2043108960
AGM,2025-04-30,1910395680
AGM,2025-05-31,2031232319
AGM,2025-06-30,2049973439
AGS,2024-06-30,456561500
AGS,2024-07-31,461469350
AGS,2024-08-31,456229960
AGS,2024-09-30,456180890
AGS,2024-10-31,465793130
AGS,2024-11-30,465392619
AGS,2024-12-31,461788030
AGS,2025-01-31,482214039
AGS,2025-02-28,485418119
AGS,2025-03-31,485017610
AGS,2025-04-30,498470511
AGS,2025-05-31,504270520
AGS,2025-06-30,510873080
AGX,2024-06-30,969882120
AGX,2024-07-31,1046375010
AGX,2024-08-31,1051412670
AGX,2024-09-30,1359466290
AGX,2024-10-31,1769732120
AGX,2024-11-30,2090063820
AGX,2024-12-31,1854151200
AGX,2025-01-31,1850904000
AGX,2025-02-28,1763906100
AGX,2025-03-31,1783649659
AGX,2025-04-30,2082261740
AGX,2025-05-31,2859659400
AGX,2025-06-30,2765289280
AGYS,2024-06-30,2802719820
AGYS,2024-07-31,3041450060
AGYS,2024-08-31,3068855400
AGYS,2024-09-30,2956791980
AGYS,2024-10-31,2754401320
AGYS,2024-11-30,3697681900
AGYS,2024-12-31,3626371430
AGYS,2025-01-31,2496116740
AGYS,2025-02-28,2240750330
AGYS,2025-03-31,2006964180
AGYS,2025-04-30,2057041449
AGYS,2025-05-31,2930211970
AGYS,2025-06-30,3001592830
AHCO,2024-06-30,1329139990
AHCO,2024-07-31,1509903028
AHCO,2024-08-31,1464065809
AHCO,2024-09-30,1496038128
AHCO,2024-10-31,1370813209
AHCO,2024-11-30,1347059090
AHCO,2024-12-31,1278564560
AHCO,2025-01-31,1453158460
AHCO,2025-02-28,1531463500
AHCO,2025-03-31,1458793000
AHCO,2025-04-30,1145233250
AHCO,2025-05-31,1210495020
AHCO,2025-06-30,1130963610
AHH,2024-06-30,987596805
AHH,2024-07-31,1057948606
AHH,2024-08-31,1096241359
AHH,2024-09-30,964443047
AHH,2024-10-31,964443047
AHH,2024-11-30,984034688
AHH,2024-12-31,911011299
AHH,2025-01-31,870937489
AHH,2025-02-28,817505741
AHH,2025-03-31,668787376
AHH,2025-04-30,684802160
AHH,2025-05-31,557888641
AHH,2025-06-30,562698026
AHR,2024-06-30,1907074609
AHR,2024-07-31,2131699955
AHR,2024-08-31,2799026352
AHR,2024-09-30,4011639165
AHR,2024-10-31,4088490490
AHR,2024-11-30,4581875996
AHR,2024-12-31,4368229313
AHR,2025-01-31,4348247968
AHR,2025-02-28,4578801943
AHR,2025-03-31,4657190295
AHR,2025-04-30,4961521542
AHR,2025-05-31,5482883295
AHR,2025-06-30,5628821517
AI,2024-06-30,3619391840
AI,2024-07-31,3420522500
AI,2024-08-31,2984485800
AI,2024-09-30,3098290100
AI,2024-10-31,3211308660
AI,2024-11-30,4847602760
AI,2024-12-31,4489052260
AI,2025-01-31,4087475700
AI,2025-02-28,3057457900
AI,2025-03-31,2744541100
AI,2025-04-30,2869707820
AI,2025-05-31,3466857380
AI,2025-06-30,3077015200
AIN,2024-06-30,2638386900
AIN,2024-07-31,2924468580
AIN,2024-08-31,2942594160
AIN,2024-09-30,2774874350
AIN,2024-10-31,2121209520
AIN,2024-11-30,2589049900
AIN,2024-12-31,2497543070
AIN,2025-01-31,2521903250
AIN,2025-02-28,2391357670
AIN,2025-03-31,2156188240
AIN,2025-04-30,2026920480
AIN,2025-05-31,2036475609
AIN,2025-06-30,2094731079
AIOT,2024-06-30,489611520
AIOT,2024-07-31,485326080
AIOT,2024-08-31,534608640
AIOT,2024-09-30,535680000
AIOT,2024-10-31,538894080
AIOT,2024-11-30,754237440
AIOT,2024-12-31,713525760
AIOT,2025-01-31,633173760
AIOT,2025-02-28,755308800
AIOT,2025-03-31,588176640
AIOT,2025-04-30,539965440
AIOT,2025-05-31,487468800
AIOT,2025-06-30,486397440
AIP,2024-06-30,283195025
AIP,2024-07-31,315126089
AIP,2024-08-31,330132093
AIP,2024-09-30,297041930
AIP,2024-10-31,262027920
AIP,2024-11-30,341480006
AIP,2024-12-31,400423621
AIP,2025-01-31,417320790
AIP,2025-02-28,365430510
AIP,2025-03-31,277486245
AIP,2025-04-30,267446945
AIP,2025-05-31,317428182
AIP,2025-06-30,338263237
AIR,2024-06-30,2559040000
AIR,2024-07-31,2273920000
AIR,2024-08-31,2315456000
AIR,2024-09-30,2300672000
AIR,2024-10-31,2066240000
AIR,2024-11-30,2447104000
AIR,2024-12-31,2169312000
AIR,2025-01-31,2398704000
AIR,2025-02-28,2301708000
AIR,2025-03-31,1982046000
AIR,2025-04-30,1892484000
AIR,2025-05-31,2173914000
AIR,2025-06-30,2390208000
AIRS,2024-06-30,229688232
AIRS,2024-07-31,285387628
AIRS,2024-08-31,241164575
AIRS,2024-09-30,291814892
AIRS,2024-10-31,327500342
AIRS,2024-11-30,393755804
AIRS,2024-12-31,299208290
AIRS,2025-01-31,276147921
AIRS,2025-02-28,261735190
AIRS,2025-03-31,134992040
AIRS,2025-04-30,127025181
AIRS,2025-05-31,258147949
AIRS,2025-06-30,279221490
AISP,2024-06-30,83362345
AISP,2024-07-31,98291771
AISP,2024-08-31,76805881
AISP,2024-09-30,56547696
AISP,2024-10-31,46713314
AISP,2024-11-30,76708179
AISP,2024-12-31,153908078
AISP,2025-01-31,109899218
AISP,2025-02-28,104244449
AISP,2025-03-31,94901786
AISP,2025-04-30,95639364
AISP,2025-05-31,163275600
AISP,2025-06-30,166128960
AIT,2024-06-30,7482192000
AIT,2024-07-31,8378059620
AIT,2024-08-31,7876197760
AIT,2024-09-30,8574216510
AIT,2024-10-31,8899308930
AIT,2024-11-30,10556665440
AIT,2024-12-31,9191577010
AIT,2025-01-31,9980731489
AIT,2025-02-28,9618012140
AIT,2025-03-31,8649225220
AIT,2025-04-30,9337816240
AIT,2025-05-31,8694517160
AIT,2025-06-30,8720233770
AIV,2024-06-30,1165524259
AIV,2024-07-31,1245662840
AIV,2024-08-31,1300288800
AIV,2024-09-30,1263936639
AIV,2024-10-31,1180047040
AIV,2024-11-30,1208861160
AIV,2024-12-31,1243048410
AIV,2025-01-31,1236210960
AIV,2025-02-28,1236763950
AIV,2025-03-31,1202599200
AIV,2025-04-30,1080972690
AIV,2025-05-31,1092485940
AIV,2025-06-30,1160937440
AKBA,2024-06-30,209054254
AKBA,2024-07-31,282838108
AKBA,2024-08-31,325043365
AKBA,2024-09-30,276811124
AKBA,2024-10-31,348110959
AKBA,2024-11-30,433317825
AKBA,2024-12-31,399662072
AKBA,2025-01-31,471180548
AKBA,2025-02-28,389144649
AKBA,2025-03-31,405017583
AKBA,2025-04-30,527064609
AKBA,2025-05-31,713558091
AKBA,2025-06-30,866631609
AKR,2024-06-30,1830133760
AKR,2024-07-31,2241736030
AKR,2024-08-31,2331861277
AKR,2024-09-30,2432345748
AKR,2024-10-31,2653515990
AKR,2024-11-30,2800873350
AKR,2024-12-31,2617760160
AKR,2025-01-31,2496407040
AKR,2025-02-28,2498574060
AKR,2025-03-31,2269953450
AKR,2025-04-30,2317383900
AKR,2025-05-31,2336796540
AKR,2025-06-30,2307677580
AKRO,2024-06-30,1622504954
AKRO,2024-07-31,1848659737
AKRO,2024-08-31,1881165164
AKRO,2024-09-30,1984214285
AKRO,2024-10-31,2132217721
AKRO,2024-11-30,2229092565
AKRO,2024-12-31,1931880223
AKRO,2025-01-31,3755430714
AKRO,2025-02-28,3466575674
AKRO,2025-03-31,2856819692
AKRO,2025-04-30,3218862306
AKRO,2025-05-31,3905301629
AKRO,2025-06-30,4263189291
AKYA,2024-06-30,115642757
AKYA,2024-07-31,122273081
AKYA,2024-08-31,126233343
AKYA,2024-09-30,134803817
AKYA,2024-10-31,139759840
AKYA,2024-11-30,109032499
AKYA,2024-12-31,113492919
AKYA,2025-01-31,144715862
AKYA,2025-02-28,80783170
AKYA,2025-03-31,68888715
AKYA,2025-04-30,59472272
AKYA,2025-05-31,62080643
AKYA,2025-06-30,62577288
ALCO,2024-06-30,197537840
ALCO,2024-07-31,224523472
ALCO,2024-08-31,223379889
ALCO,2024-09-30,213495010
ALCO,2024-10-31,187084830
ALCO,2024-11-30,204564400
ALCO,2024-12-31,198027410
ALCO,2025-01-31,235906930
ALCO,2025-02-28,224298690
ALCO,2025-03-31,227888080
ALCO,2025-04-30,217959980
ALCO,2025-05-31,246293250
ALCO,2025-06-30,238656250
ALDX,2024-06-30,196661958
ALDX,2024-07-31,234548645
ALDX,2024-08-31,342893450
ALDX,2024-09-30,320623039
ALDX,2024-10-31,312890016
ALDX,2024-11-30,291475490
ALDX,2024-12-31,298837512
ALDX,2025-01-31,313809331
ALDX,2025-02-28,306023985
ALDX,2025-03-31,344351842
ALDX,2025-04-30,158701284
ALDX,2025-05-31,128757645
ALDX,2025-06-30,182656194
ALE,2024-06-30,3597595000
ALE,2024-07-31,3728100000
ALE,2024-08-31,3673190000
ALE,2024-09-30,3710182000
ALE,2024-10-31,3693998000
ALE,2024-11-30,3750063999
ALE,2024-12-31,3745440000
ALE,2025-01-31,3792836000
ALE,2025-02-28,3796882000
ALE,2025-03-31,3797460000
ALE,2025-04-30,3785321999
ALE,2025-05-31,3765816000
ALE,2025-06-30,3678387000
ALEC,2024-06-30,425898203
ALEC,2024-07-31,562861062
ALEC,2024-08-31,510443582
ALEC,2024-09-30,450505131
ALEC,2024-10-31,475640611
ALEC,2024-11-30,250388045
ALEC,2024-12-31,182715600
ALEC,2025-01-31,160480368
ALEC,2025-02-28,158475740
ALEC,2025-03-31,118856805
ALEC,2025-04-30,117983299
ALEC,2025-05-31,132199606
ALEC,2025-06-30,146115354
ALEX,2024-06-30,1231550400
ALEX,2024-07-31,1431537300
ALEX,2024-08-31,1437347700
ALEX,2024-09-30,1394553600
ALEX,2024-10-31,1351700130
ALEX,2024-11-30,1429417440
ALEX,2024-12-31,1289396420
ALEX,2025-01-31,1297391550
ALEX,2025-02-28,1316289130
ALEX,2025-03-31,1252328090
ALEX,2025-04-30,1248693940
ALEX,2025-05-31,1301752530
ALEX,2025-06-30,1302479360
ALG,2024-06-30,2066312000
ALG,2024-07-31,2307629280
ALG,2024-08-31,2219979600
ALG,2024-09-30,2156876620
ALG,2024-10-31,2030580580
ALG,2024-11-30,2394801150
ALG,2024-12-31,2226644070
ALG,2025-01-31,2222452120
ALG,2025-02-28,2096085419
ALG,2025-03-31,2134777590
ALG,2025-04-30,2000253419
ALG,2025-05-31,2374499600
ALG,2025-06-30,2571974900
ALGT,2024-06-30,887262720
ALGT,2024-07-31,999615960
ALGT,2024-08-31,750202240
ALGT,2024-09-30,981609680
ALGT,2024-10-31,1164524130
ALGT,2024-11-30,1465999920
ALGT,2024-12-31,1685971560
ALGT,2025-01-31,1834828590
ALGT,2025-02-28,1312122000
ALGT,2025-03-31,922055800
ALGT,2025-04-30,845397020
ALGT,2025-05-31,999550720
ALGT,2025-06-30,903156480
ALHC,2024-06-30,1492773774
ALHC,2024-07-31,1672497613
ALHC,2024-08-31,1724165159
ALHC,2024-09-30,2268224478
ALHC,2024-10-31,2379524833
ALHC,2024-11-30,2419823238
ALHC,2024-12-31,2158843095
ALHC,2025-01-31,2953297353
ALHC,2025-02-28,3010866503
ALHC,2025-03-31,3573125193
ALHC,2025-04-30,3430706081
ALHC,2025-05-31,2975730952
ALHC,2025-06-30,2702745874
ALIT,2024-06-30,4030767072
ALIT,2024-07-31,4134540208
ALIT,2024-08-31,4074461024
ALIT,2024-09-30,3938893556
ALIT,2024-10-31,3688720587
ALIT,2024-11-30,4258263304
ALIT,2024-12-31,3683499952
ALIT,2025-01-31,3646239114
ALIT,2025-02-28,3635593161
ALIT,2025-03-31,3156525248
ALIT,2025-04-30,2720041149
ALIT,2025-05-31,2906345338
ALIT,2025-06-30,2874407477
ALKS,2024-06-30,4056536100
ALKS,2024-07-31,4463213760
ALKS,2024-08-31,4647819600
ALKS,2024-09-30,4629322080
ALKS,2024-10-31,4250574400
ALKS,2024-11-30,4799675840
ALKS,2024-12-31,4756673920
ALKS,2025-01-31,5214809760
ALKS,2025-02-28,5677907360
ALKS,2025-03-31,5461243840
ALKS,2025-04-30,4701219390
ALKS,2025-05-31,5001888270
ALKS,2025-06-30,4753509630
ALKT,2024-06-30,2793988448
ALKT,2024-07-31,3254507615
ALKT,2024-08-31,3315162966
ALKT,2024-09-30,3187345980
ALKT,2024-10-31,3699706288
ALKT,2024-11-30,3988730052
ALKT,2024-12-31,3706780296
ALKT,2025-01-31,3515782075
ALKT,2025-02-28,3116605898
ALKT,2025-03-31,2652753075
ALKT,2025-04-30,2733874662
ALKT,2025-05-31,2933614474
ALKT,2025-06-30,2862937310
ALLO,2024-06-30,442762066
ALLO,2024-07-31,615014339
ALLO,2024-08-31,550165889
ALLO,2024-09-30,589602426
ALLO,2024-10-31,539065075
ALLO,2024-11-30,522219291
ALLO,2024-12-31,448518988
ALLO,2025-01-31,379030131
ALLO,2025-02-28,410615975
ALLO,2025-03-31,307435550
ALLO,2025-04-30,353761455
ALLO,2025-05-31,251969584
ALLO,2025-06-30,264891101
ALMS,2024-06-30,723563916
ALMS,2024-07-31,661152342
ALMS,2024-08-31,682653232
ALMS,2024-09-30,3026911288
ALMS,2024-10-31,3208299231
ALMS,2024-11-30,2624456791
ALMS,2024-12-31,426642875
ALMS,2025-01-31,406016374
ALMS,2025-02-28,252403227
ALMS,2025-03-31,333280820
ALMS,2025-04-30,224720292
ALMS,2025-05-31,189980924
ALMS,2025-06-30,155241555
ALNT,2024-06-30,418648090
ALNT,2024-07-31,479448980
ALNT,2024-08-31,351883080
ALNT,2024-09-30,314607330
ALNT,2024-10-31,286443430
ALNT,2024-11-30,430426780
ALNT,2024-12-31,402416720
ALNT,2025-01-31,417830540
ALNT,2025-02-28,412361120
ALNT,2025-03-31,363801970
ALNT,2025-04-30,353374525
ALNT,2025-05-31,504609600
ALNT,2025-06-30,559718280
ALRM,2024-06-30,3166357240
ALRM,2024-07-31,3476881362
ALRM,2024-08-31,2934280883
ALRM,2024-09-30,2705855458
ALRM,2024-10-31,2639533045
ALRM,2024-11-30,3224061177
ALRM,2024-12-31,3019312252
ALRM,2025-01-31,3012856486
ALRM,2025-02-28,2884734354
ALRM,2025-03-31,2763564586
ALRM,2025-04-30,2661762117
ALRM,2025-05-31,2850469133
ALRM,2025-06-30,2789387651
ALRS,2024-06-30,387081790
ALRS,2024-07-31,443993650
ALRS,2024-08-31,443993650
ALRS,2024-09-30,452497760
ALRS,2024-10-31,400311240
ALRS,2024-11-30,436127520
ALRS,2024-12-31,380721119
ALRS,2025-01-31,418318320
ALRS,2025-02-28,403081560
ALRS,2025-03-31,388527620
ALRS,2025-04-30,418414360
ALRS,2025-05-31,532792590
ALRS,2025-06-30,535074900
ALT,2024-06-30,471647067
ALT,2024-07-31,452099245
ALT,2024-08-31,476268072
ALT,2024-09-30,437541772
ALT,2024-10-31,480298297
ALT,2024-11-30,610705698
ALT,2024-12-31,544699248
ALT,2025-01-31,501637033
ALT,2025-02-28,502392510
ALT,2025-03-31,377738730
ALT,2025-04-30,396625666
ALT,2025-05-31,410224260
ALT,2025-06-30,531100654
ALTG,2024-06-30,267246544
ALTG,2024-07-31,348681564
ALTG,2024-08-31,223820356
ALTG,2024-09-30,225988236
ALTG,2024-10-31,217941178
ALTG,2024-11-30,265217648
ALTG,2024-12-31,219282354
ALTG,2025-01-31,244764707
ALTG,2025-02-28,183741177
ALTG,2025-03-31,157252942
ALTG,2025-04-30,142500001
ALTG,2025-05-31,157545007
ALTG,2025-06-30,194029114
ALTI,2024-06-30,604737159
ALTI,2024-07-31,684992920
ALTI,2024-08-31,561973783
ALTI,2024-09-30,482245781
ALTI,2024-10-31,526086306
ALTI,2024-11-30,612477930
ALTI,2024-12-31,677033395
ALTI,2025-01-31,597201793
ALTI,2025-02-28,531187199
ALTI,2025-03-31,466707828
ALTI,2025-04-30,526581530
ALTI,2025-05-31,509694075
ALTI,2025-06-30,562709562
ALX,2024-06-30,1153959483
ALX,2024-07-31,1243855288
ALX,2024-08-31,1176400651
ALX,2024-09-30,1243892826
ALX,2024-10-31,1165212858
ALX,2024-11-30,1147659988
ALX,2024-12-31,1027014812
ALX,2025-01-31,975114783
ALX,2025-02-28,1100321677
ALX,2025-03-31,1073729971
ALX,2025-04-30,1059561417
ALX,2025-05-31,1156020521
ALX,2025-06-30,1158330611
ALXO,2024-06-30,302228170
ALXO,2024-07-31,240579638
ALXO,2024-08-31,120248284
ALXO,2024-09-30,94332705
ALXO,2024-10-31,74118554
ALXO,2024-11-30,77986939
ALXO,2024-12-31,87998776
ALXO,2025-01-31,76933061
ALXO,2025-02-28,57963265
ALXO,2025-03-31,32895900
ALXO,2025-04-30,28513300
ALXO,2025-05-31,25905958
ALXO,2025-06-30,25825919
AMAL,2024-06-30,835042400
AMAL,2024-07-31,971827310
AMAL,2024-08-31,1007877490
AMAL,2024-09-30,958384870
AMAL,2024-10-31,1016527820
AMAL,2024-11-30,1091916980
AMAL,2024-12-31,1025721620
AMAL,2025-01-31,1070771239
AMAL,2025-02-28,994462700
AMAL,2025-03-31,879405000
AMAL,2025-04-30,864005120
AMAL,2025-05-31,927210040
AMAL,2025-06-30,920460000
AMBA,2024-06-30,2218950228
AMBA,2024-07-31,2164981499
AMBA,2024-08-31,2455345659
AMBA,2024-09-30,2320034315
AMBA,2024-10-31,2310986140
AMBA,2024-11-30,2942713265
AMBA,2024-12-31,2991655666
AMBA,2025-01-31,3155345376
AMBA,2025-02-28,2526497217
AMBA,2025-03-31,2105250852
AMBA,2025-04-30,2007371118
AMBA,2025-05-31,2201875717
AMBA,2025-06-30,2161719929
AMBC,2024-06-30,592402585
AMBC,2024-07-31,629017725
AMBC,2024-08-31,557961136
AMBC,2024-09-30,534593533
AMBC,2024-10-31,539362431
AMBC,2024-11-30,612326580
AMBC,2024-12-31,603265672
AMBC,2025-01-31,554622907
AMBC,2025-02-28,463060054
AMBC,2025-03-31,410984945
AMBC,2025-04-30,371125644
AMBC,2025-05-31,370460883
AMBC,2025-06-30,319362831
AMBP,2024-06-30,2031840000
AMBP,2024-07-31,2199536000
AMBP,2024-08-31,2139766000
AMBP,2024-09-30,2253329000
AMBP,2024-10-31,2199536000
AMBP,2024-11-30,2199536000
AMBP,2024-12-31,1799076999
AMBP,2025-01-31,1655629000
AMBP,2025-02-28,1715399000
AMBP,2025-03-31,1805054000
AMBP,2025-04-30,2217467000
AMBP,2025-05-31,2331030000
AMBP,2025-06-30,2492409000
AMC,2024-06-30,1601473380
AMC,2024-07-31,1921439429
AMC,2024-08-31,1744131460
AMC,2024-09-30,1885600976
AMC,2024-10-31,1819294128
AMC,2024-11-30,2051368095
AMC,2024-12-31,1649382832
AMC,2025-01-31,1288839348
AMC,2025-02-28,1367578730
AMC,2025-03-31,1189379077
AMC,2025-04-30,1106495517
AMC,2025-05-31,1534263880
AMC,2025-06-30,1297228730
AMCX,2024-06-30,429541560
AMCX,2024-07-31,496475910
AMCX,2024-08-31,439378950
AMCX,2024-09-30,387652210
AMCX,2024-10-31,361332900
AMCX,2024-11-30,420216780
AMCX,2024-12-31,443727900
AMCX,2025-01-31,431626230
AMCX,2025-02-28,327193300
AMCX,2025-03-31,308368480
AMCX,2025-04-30,286854400
AMCX,2025-05-31,296266810
AMCX,2025-06-30,268926000
AMN,2024-06-30,1952580220
AMN,2024-07-31,2577268680
AMN,2024-08-31,2024314190
AMN,2024-09-30,1618153470
AMN,2024-10-31,1448283620
AMN,2024-11-30,994346000
AMN,2024-12-31,913744000
AMN,2025-01-31,1051264000
AMN,2025-02-28,968819160
AMN,2025-03-31,935912980
AMN,2025-04-30,781713090
AMN,2025-05-31,808766320
AMN,2025-06-30,839415920
AMPH,2024-06-30,1956280000
AMPH,2024-07-31,2115985920
AMPH,2024-08-31,2369787540
AMPH,2024-09-30,2328226750
AMPH,2024-10-31,2424176750
AMPH,2024-11-30,2167990250
AMPH,2024-12-31,1781311750
AMPH,2025-01-31,1672888249
AMPH,2025-02-28,1363929250
AMPH,2025-03-31,1390795250
AMPH,2025-04-30,1171069750
AMPH,2025-05-31,1224850110
AMPH,2025-06-30,1170062960
AMPL,2024-06-30,1075351400
AMPL,2024-07-31,1034270560
AMPL,2024-08-31,1080396730
AMPL,2024-09-30,1100018010
AMPL,2024-10-31,1102470670
AMPL,2024-11-30,1285510160
AMPL,2024-12-31,1311618200
AMPL,2025-01-31,1514266320
AMPL,2025-02-28,1608485810
AMPL,2025-03-31,1301864210
AMPL,2025-04-30,1174105210
AMPL,2025-05-31,1606933440
AMPL,2025-06-30,1505770560
AMPS,2024-06-30,626818148
AMPS,2024-07-31,671961696
AMPS,2024-08-31,499171545
AMPS,2024-09-30,508789986
AMPS,2024-10-31,550389167
AMPS,2024-11-30,691186396
AMPS,2024-12-31,651187183
AMPS,2025-01-31,644787309
AMPS,2025-02-28,788784475
AMPS,2025-03-31,791984412
AMPS,2025-04-30,798384286
AMPX,2024-06-30,123251892
AMPX,2024-07-31,132489963
AMPX,2024-08-31,118136884
AMPX,2024-09-30,113078305
AMPX,2024-10-31,137527668
AMPX,2024-11-30,218006822
AMPX,2024-12-31,285242571
AMPX,2025-01-31,339234915
AMPX,2025-02-28,259774484
AMPX,2025-03-31,273017889
AMPX,2025-04-30,252578118
AMPX,2025-05-31,317338794
AMPX,2025-06-30,453004078
AMPY,2024-06-30,267199800
AMPY,2024-07-31,295969100
AMPY,2024-08-31,282554770
AMPY,2024-09-30,258777370
AMPY,2024-10-31,262343980
AMPY,2024-11-30,266943930
AMPY,2024-12-31,238698000
AMPY,2025-01-31,212441220
AMPY,2025-02-28,192947550
AMPY,2025-03-31,146234000
AMPY,2025-04-30,101660000
AMPY,2025-05-31,115339560
AMPY,2025-06-30,147088080
AMR,2024-06-30,3650728772
AMR,2024-07-31,3845594206
AMR,2024-08-31,3113211653
AMR,2024-09-30,3075092413
AMR,2024-10-31,2712091412
AMR,2024-11-30,3197351359
AMR,2024-12-31,2605586814
AMR,2025-01-31,2384895746
AMR,2025-02-28,1790527177
AMR,2025-03-31,1630770280
AMR,2025-04-30,1579991804
AMR,2025-05-31,1461853888
AMR,2025-06-30,1396224425
AMRC,2024-06-30,1506446090
AMRC,2024-07-31,1650763730
AMRC,2024-08-31,1594209750
AMRC,2024-09-30,1986348700
AMRC,2024-10-31,1610963350
AMRC,2024-11-30,1476474210
AMRC,2024-12-31,1230657240
AMRC,2025-01-31,1186106190
AMRC,2025-02-28,618084000
AMRC,2025-03-31,633753040
AMRC,2025-04-30,557681690
AMRC,2025-05-31,724056320
AMRC,2025-06-30,788160000
AMRK,2024-06-30,739563864
AMRK,2024-07-31,878246368
AMRK,2024-08-31,890355384
AMRK,2024-09-30,1011793919
AMRK,2024-10-31,890131200
AMRK,2024-11-30,697766580
AMRK,2024-12-31,630983640
AMRK,2025-01-31,648715662
AMRK,2025-02-28,629442594
AMRK,2025-03-31,587526071
AMRK,2025-04-30,564136188
AMRK,2025-05-31,466537553
AMRK,2025-06-30,496095178
AMRX,2024-06-30,1962892950
AMRX,2024-07-31,2269712510
AMRX,2024-08-31,2681543020
AMRX,2024-09-30,2577952000
AMRX,2024-10-31,2624429500
AMRX,2024-11-30,2562459500
AMRX,2024-12-31,2454012000
AMRX,2025-01-31,2559361000
AMRX,2025-02-28,2686399500
AMRX,2025-03-31,2596543000
AMRX,2025-04-30,2382673640
AMRX,2025-05-31,2276915280
AMRX,2025-06-30,2432442280
AMSC,2024-06-30,775121210
AMSC,2024-07-31,800638240
AMSC,2024-08-31,721368720
AMSC,2024-09-30,841953600
AMSC,2024-10-31,906063040
AMSC,2024-11-30,1258585120
AMSC,2024-12-31,910127760
AMSC,2025-01-31,970729040
AMSC,2025-02-28,855281310
AMSC,2025-03-31,683170540
AMSC,2025-04-30,747570850
AMSC,2025-05-31,1064299860
AMSC,2025-06-30,1144894400
AMSF,2024-06-30,839271953
AMSF,2024-07-31,906071855
AMSF,2024-08-31,956451587
AMSF,2024-09-30,922292602
AMSF,2024-10-31,1029228315
AMSF,2024-11-30,1123867811
AMSF,2024-12-31,981432514
AMSF,2025-01-31,952488443
AMSF,2025-02-28,979592302
AMSF,2025-03-31,1000341537
AMSF,2025-04-30,884998005
AMSF,2025-05-31,903653588
AMSF,2025-06-30,828079441
AMTB,2024-06-30,758926171
AMTB,2024-07-31,755250273
AMTB,2024-08-31,740810184
AMTB,2024-09-30,717638877
AMTB,2024-10-31,720296178
AMTB,2024-11-30,840232925
AMTB,2024-12-31,757121827
AMTB,2025-01-31,976003073
AMTB,2025-02-28,965906490
AMTB,2025-03-31,868306182
AMTB,2025-04-30,707541137
AMTB,2025-05-31,736531837
AMTB,2025-06-30,701247040
AMTX,2024-06-30,126085889
AMTX,2024-07-31,142578570
AMTX,2024-08-31,109265820
AMTX,2024-09-30,102159099
AMTX,2024-10-31,118593390
AMTX,2024-11-30,193113440
AMTX,2024-12-31,127011040
AMTX,2025-01-31,109068960
AMTX,2025-02-28,84988800
AMTX,2025-03-31,79364880
AMTX,2025-04-30,57471120
AMTX,2025-05-31,89918640
AMTX,2025-06-30,114107280
AMWD,2024-06-30,1248248172
AMWD,2024-07-31,1622246193
AMWD,2024-08-31,1393481828
AMWD,2024-09-30,1453195813
AMWD,2024-10-31,1410587397
AMWD,2024-11-30,1391402398
AMWD,2024-12-31,1218971500
AMWD,2025-01-31,1193375091
AMWD,2025-02-28,934405190
AMWD,2025-03-31,885487392
AMWD,2025-04-30,888046170
AMWD,2025-05-31,848460383
AMWD,2025-06-30,765224869
ANAB,2024-06-30,671633060
ANAB,2024-07-31,933746840
ANAB,2024-08-31,1041990040
ANAB,2024-09-30,916426000
ANAB,2024-10-31,591710280
ANAB,2024-11-30,721169280
ANAB,2024-12-31,382543320
ANAB,2025-01-31,518051490
ANAB,2025-02-28,477385240
ANAB,2025-03-31,527621380
ANAB,2025-04-30,630648040
ANAB,2025-05-31,681216120
ANAB,2025-06-30,710021480
ANDE,2024-06-30,1683027200
ANDE,2024-07-31,1850311960
ANDE,2024-08-31,1736038200
ANDE,2024-09-30,1707768400
ANDE,2024-10-31,1546324000
ANDE,2024-11-30,1626454060
ANDE,2024-12-31,1380475880
ANDE,2025-01-31,1388311750
ANDE,2025-02-28,1457471820
ANDE,2025-03-31,1462582170
ANDE,2025-04-30,1282630230
ANDE,2025-05-31,1210891000
ANDE,2025-06-30,1254880000
ANF,2024-06-30,9267516984
ANF,2024-07-31,7685410509
ANF,2024-08-31,7645832204
ANF,2024-09-30,7248437523
ANF,2024-10-31,6828245755
ANF,2024-11-30,7651250917
ANF,2024-12-31,7640005843
ANF,2025-01-31,6101986335
ANF,2025-02-28,5154157619
ANF,2025-03-31,3821953756
ANF,2025-04-30,3474139450
ANF,2025-05-31,3928049631
ANF,2025-06-30,3904528376
ANGO,2024-06-30,245950650
ANGO,2024-07-31,318719520
ANGO,2024-08-31,303271380
ANGO,2024-09-30,318373160
ANGO,2024-10-31,273768180
ANGO,2024-11-30,283589460
ANGO,2024-12-31,374213480
ANGO,2025-01-31,466132730
ANGO,2025-02-28,379524369
ANGO,2025-03-31,383609670
ANGO,2025-04-30,379524369
ANGO,2025-05-31,416700600
ANGO,2025-06-30,409347060
ANIK,2024-06-30,372300340
ANIK,2024-07-31,400520500
ANIK,2024-08-31,381362300
ANIK,2024-09-30,366523300
ANIK,2024-10-31,252680480
ANIK,2024-11-30,261688959
ANIK,2024-12-31,243081280
ANIK,2025-01-31,251942079
ANIK,2025-02-28,257701600
ANIK,2025-03-31,221256630
ANIK,2025-04-30,211798956
ANIK,2025-05-31,159411550
ANIK,2025-06-30,151405230
ANIP,2024-06-30,1230361280
ANIP,2024-07-31,1275230880
ANIP,2024-08-31,1237005000
ANIP,2024-09-30,1160088700
ANIP,2024-10-31,1113226250
ANIP,2024-11-30,1112837350
ANIP,2024-12-31,1083874960
ANIP,2025-01-31,1149754480
ANIP,2025-02-28,1213477230
ANIP,2025-03-31,1312688650
ANIP,2025-04-30,1388567739
ANIP,2025-05-31,1151323040
ANIP,2025-06-30,1285434920
ANNX,2024-06-30,637651504
ANNX,2024-07-31,834152273
ANNX,2024-08-31,741757872
ANNX,2024-09-30,770387123
ANNX,2024-10-31,952573267
ANNX,2024-11-30,754238972
ANNX,2024-12-31,717856387
ANNX,2025-01-31,537342792
ANNX,2025-02-28,362746942
ANNX,2025-03-31,285277468
ANNX,2025-04-30,274930617
ANNX,2025-05-31,302141970
ANNX,2025-06-30,352498965
ANRO,2024-06-30,288101807
ANRO,2024-07-31,290618020
ANRO,2024-08-31,345344790
ANRO,2024-09-30,281446880
ANRO,2024-10-31,95701780
ANRO,2024-11-30,108494820
ANRO,2024-12-31,104066460
ANRO,2025-01-31,105542580
ANRO,2025-02-28,68885600
ANRO,2025-03-31,53140320
ANRO,2025-04-30,67196534
ANRO,2025-05-31,69786420
ANRO,2025-06-30,60860250
AOMR,2024-06-30,325011275
AOMR,2024-07-31,299338691
AOMR,2024-08-31,268454540
AOMR,2024-09-30,243958002
AOMR,2024-10-31,210978061
AOMR,2024-11-30,229456184
AOMR,2024-12-31,217059469
AOMR,2025-01-31,239046096
AOMR,2025-02-28,233198589
AOMR,2025-03-31,222906976
AOMR,2025-04-30,221035774
AOMR,2025-05-31,213138935
AOMR,2025-06-30,211501205
AORT,2024-06-30,1059088500
AORT,2024-07-31,1121023500
AORT,2024-08-31,1131276620
AORT,2024-09-30,1109601460
AORT,2024-10-31,1097513390
AORT,2024-11-30,1235234880
AORT,2024-12-31,1196319960
AORT,2025-01-31,1295490240
AORT,2025-02-28,1064221620
AORT,2025-03-31,1029459559
AORT,2025-04-30,992184580
AORT,2025-05-31,1249222560
AORT,2025-06-30,1277518000
AOSL,2024-06-30,1062541209
AOSL,2024-07-31,1177126200
AOSL,2024-08-31,1207430990
AOSL,2024-09-30,1071988479
AOSL,2024-10-31,954162160
AOSL,2024-11-30,1202795880
AOSL,2024-12-31,1074018120
AOSL,2025-01-31,1114333680
AOSL,2025-02-28,883055640
AOSL,2025-03-31,724992180
AOSL,2025-04-30,549139290
AOSL,2025-05-31,626626600
AOSL,2025-06-30,712263600
APAM,2024-06-30,2654485409
APAM,2024-07-31,2868666278
APAM,2024-08-31,2701717176
APAM,2024-09-30,2814099256
APAM,2024-10-31,2870909955
APAM,2024-11-30,3176228951
APAM,2024-12-31,2802554956
APAM,2025-01-31,2909318955
APAM,2025-02-28,2740087626
APAM,2025-03-31,2537598914
APAM,2025-04-30,2418492000
APAM,2025-05-31,2635620000
APAM,2025-06-30,2793234000
APEI,2024-06-30,309882659
APEI,2024-07-31,352872840
APEI,2024-08-31,295592880
APEI,2024-09-30,260868500
APEI,2024-10-31,268296620
APEI,2024-11-30,364685320
APEI,2024-12-31,384808800
APEI,2025-01-31,395512800
APEI,2025-02-28,377494400
APEI,2025-03-31,398188800
APEI,2025-04-30,419240000
APEI,2025-05-31,525388000
APEI,2025-06-30,531453600
APGE,2024-06-30,1974968944
APGE,2024-07-31,2444243649
APGE,2024-08-31,2891872703
APGE,2024-09-30,3319691276
APGE,2024-10-31,2941040756
APGE,2024-11-30,2564318811
APGE,2024-12-31,2572838143
APGE,2025-01-31,2349063699
APGE,2025-02-28,1735298448
APGE,2025-03-31,2062046756
APGE,2025-04-30,2166363361
APGE,2025-05-31,2132274766
APGE,2025-06-30,2441873613
APLD,2024-06-30,886605549
APLD,2024-07-31,724185372
APLD,2024-08-31,543884076
APLD,2024-09-30,1728872796
APLD,2024-10-31,1416627891
APLD,2024-11-30,2116559423
APLD,2024-12-31,1699552975
APLD,2025-01-31,1583876595
APLD,2025-02-28,1779636624
APLD,2025-03-31,1250194728
APLD,2025-04-30,1009943784
APLD,2025-05-31,1519364767
APLD,2025-06-30,2297955790
APLE,2024-06-30,3524612320
APLE,2024-07-31,3585214320
APLE,2024-08-31,3496992560
APLE,2024-09-30,3596283900
APLE,2024-10-31,3576909980
APLE,2024-11-30,3874455000
APLE,2024-12-31,3691675000
APLE,2025-01-31,3713320000
APLE,2025-02-28,3554000130
APLE,2025-03-31,3098051430
APLE,2025-04-30,2825588590
APLE,2025-05-31,2782376530
APLE,2025-06-30,2787177870
APLT,2024-06-30,230415633
APLT,2024-07-31,85741393
APLT,2024-08-31,91515224
APLT,2024-09-30,1186045341
APLT,2024-10-31,1233487154
APLT,2024-11-30,283255534
APLT,2024-12-31,123967460
APLT,2025-01-31,84918144
APLT,2025-02-28,73610204
APLT,2025-03-31,70786839
APLT,2025-04-30,59247237
APLT,2025-05-31,51153590
APLT,2025-06-30,49647795
APOG,2024-06-30,1367524080
APOG,2024-07-31,1493743680
APOG,2024-08-31,1453266360
APOG,2024-09-30,1525175640
APOG,2024-10-31,1630164880
APOG,2024-11-30,1834262219
APOG,2024-12-31,1538099990
APOG,2025-01-31,1098919780
APOG,2025-02-28,1032579660
APOG,2025-03-31,997901870
APOG,2025-04-30,854452130
APOG,2025-05-31,832482350
APOG,2025-06-30,821497460
APPN,2024-06-30,2262038000
APPN,2024-07-31,2670762000
APPN,2024-08-31,2345412000
APPN,2024-09-30,2468322000
APPN,2024-10-31,2584725000
APPN,2024-11-30,2740188600
APPN,2024-12-31,2387620080
APPN,2025-01-31,2540375640
APPN,2025-02-28,2401253910
APPN,2025-03-31,2130585930
APPN,2025-04-30,2296240650
APPN,2025-05-31,2333961000
APPN,2025-06-30,2089450800
APPS,2024-06-30,169276840
APPS,2024-07-31,242698120
APPS,2024-08-31,329715120
APPS,2024-09-30,314355720
APPS,2024-10-31,327667200
APPS,2024-11-30,148379040
APPS,2024-12-31,174139290
APPS,2025-01-31,269967420
APPS,2025-02-28,357227640
APPS,2025-03-31,283282560
APPS,2025-04-30,312444000
APPS,2025-05-31,491578560
APPS,2025-06-30,599892480
AQST,2024-06-30,236370227
AQST,2024-07-31,349755191
AQST,2024-08-31,412601826
AQST,2024-09-30,453588763
AQST,2024-10-31,500040624
AQST,2024-11-30,463607792
AQST,2024-12-31,324252208
AQST,2025-01-31,275067884
AQST,2025-02-28,255029826
AQST,2025-03-31,264478280
AQST,2025-04-30,267214262
AQST,2025-05-31,258797021
AQST,2025-06-30,310365432
ARAY,2024-06-30,180538540
ARAY,2024-07-31,182522480
ARAY,2024-08-31,217095300
ARAY,2024-09-30,179253000
ARAY,2024-10-31,172282050
ARAY,2024-11-30,223501750
ARAY,2024-12-31,198445500
ARAY,2025-01-31,223501750
ARAY,2025-02-28,203824049
ARAY,2025-03-31,181514950
ARAY,2025-04-30,159378750
ARAY,2025-05-31,157322250
ARAY,2025-06-30,125446500
ARCB,2024-06-30,2522944967
ARCB,2024-07-31,2977088983
ARCB,2024-08-31,2510627203
ARCB,2024-09-30,2561406587
ARCB,2024-10-31,2461227600
ARCB,2024-11-30,2723462448
ARCB,2024-12-31,2204662696
ARCB,2025-01-31,2238233733
ARCB,2025-02-28,1844008693
ARCB,2025-03-31,1652280482
ARCB,2025-04-30,1357594068
ARCB,2025-05-31,1454333085
ARCB,2025-06-30,1595613807
ARCT,2024-06-30,656646450
ARCT,2024-07-31,634874520
ARCT,2024-08-31,571008200
ARCT,2024-09-30,626670000
ARCT,2024-10-31,478710000
ARCT,2024-11-30,495180000
ARCT,2024-12-31,460005789
ARCT,2025-01-31,460005789
ARCT,2025-02-28,455126530
ARCT,2025-03-31,287063130
ARCT,2025-04-30,347240670
ARCT,2025-05-31,339650710
ARCT,2025-06-30,333145030
ARDT,2024-07-31,2450112722
ARDT,2024-08-31,2718843608
ARDT,2024-09-30,2520037596
ARDT,2024-10-31,2385672153
ARDT,2024-11-30,2190979368
ARDT,2024-12-31,2341797722
ARDT,2025-01-31,2056613925
ARDT,2025-02-28,1941565928
ARDT,2025-03-31,1821045806
ARDT,2025-04-30,1817179723
ARDT,2025-05-31,2028101872
ARDT,2025-06-30,1826412183
ARDX,2024-06-30,1727018763
ARDX,2024-07-31,1301870115
ARDX,2024-08-31,1449649966
ARDX,2024-09-30,1616195512
ARDX,2024-10-31,1384799912
ARDX,2024-11-30,1337617632
ARDX,2024-12-31,1196070792
ARDX,2025-01-31,1264485098
ARDX,2025-02-28,1260848488
ARDX,2025-03-31,1154993671
ARDX,2025-04-30,1314819038
ARDX,2025-05-31,875750612
ARDX,2025-06-30,849501956
ARHS,2024-06-30,2371360231
ARHS,2024-07-31,2129136578
ARHS,2024-08-31,1725455646
ARHS,2024-09-30,1727280752
ARHS,2024-10-31,1189873336
ARHS,2024-11-30,1393330452
ARHS,2024-12-31,1318963368
ARHS,2025-01-31,1723071294
ARHS,2025-02-28,1335801199
ARHS,2025-03-31,1220742692
ARHS,2025-04-30,1102877880
ARHS,2025-05-31,1260447060
ARHS,2025-06-30,1194477113
ARI,2024-06-30,1388903423
ARI,2024-07-31,1546378683
ARI,2024-08-31,1487245578
ARI,2024-09-30,1290631432
ARI,2024-10-31,1229014292
ARI,2024-11-30,1278783149
ARI,2024-12-31,1197217521
ARI,2025-01-31,1224866887
ARI,2025-02-28,1414899038
ARI,2025-03-31,1336681519
ARI,2025-04-30,1299047467
ARI,2025-05-31,1362821409
ARI,2025-06-30,1368366969
ARIS,2024-06-30,475647399
ARIS,2024-07-31,537569587
ARIS,2024-08-31,513835727
ARIS,2024-09-30,515363182
ARIS,2024-10-31,504060018
ARIS,2024-11-30,824000665
ARIS,2024-12-31,733636280
ARIS,2025-01-31,782034832
ARIS,2025-02-28,967956655
ARIS,2025-03-31,985802010
ARIS,2025-04-30,767965610
ARIS,2025-05-31,691913445
ARIS,2025-06-30,795826036
ARKO,2024-06-30,735314250
ARKO,2024-07-31,768151250
ARKO,2024-08-31,724645080
ARKO,2024-09-30,812621160
ARKO,2024-10-31,769790700
ARKO,2024-11-30,828920360
ARKO,2024-12-31,762930890
ARKO,2025-01-31,818500970
ARKO,2025-02-28,522127210
ARKO,2025-03-31,457295450
ARKO,2025-04-30,466557130
ARKO,2025-05-31,495979240
ARKO,2025-06-30,511044030
ARL,2024-06-30,229358996
ARL,2024-07-31,341292647
ARL,2024-08-31,307050318
ARL,2024-09-30,283306816
ARL,2024-10-31,226290108
ARL,2024-11-30,262470698
ARL,2024-12-31,237111991
ARL,2025-01-31,227097724
ARL,2025-02-28,248741462
ARL,2025-03-31,176864870
ARL,2025-04-30,195278199
ARL,2025-05-31,230489653
ARL,2025-06-30,233558541
ARLO,2024-06-30,1255282560
ARLO,2024-07-31,1459362240
ARLO,2024-08-31,1148676820
ARLO,2024-09-30,1184878730
ARLO,2024-10-31,994084880
ARLO,2024-11-30,1118981820
ARLO,2024-12-31,1115989890
ARLO,2025-01-31,1167850010
ARLO,2025-02-28,1447879060
ARLO,2025-03-31,993780689
ARLO,2025-04-30,989753210
ARLO,2025-05-31,1463747440
ARLO,2025-06-30,1748932870
AROC,2024-06-30,3117661140
AROC,2024-07-31,3202702080
AROC,2024-08-31,3125454080
AROC,2024-09-30,3126999039
AROC,2024-10-31,3093009920
AROC,2024-11-30,4249000140
AROC,2024-12-31,4127931830
AROC,2025-01-31,4658642230
AROC,2025-02-28,4394443440
AROC,2025-03-31,4251850879
AROC,2025-04-30,4081302030
AROC,2025-05-31,4332948600
AROC,2025-06-30,4339909160
AROW,2024-06-30,434644250
AROW,2024-07-31,526699200
AROW,2024-08-31,509487900
AROW,2024-09-30,479137880
AROW,2024-10-31,477131720
AROW,2024-11-30,551359640
AROW,2024-12-31,478452150
AROW,2025-01-31,443455650
AROW,2025-02-28,450454950
AROW,2025-03-31,438122850
AROW,2025-04-30,408792450
AROW,2025-05-31,429123750
AROW,2025-06-30,418124850
ARQ,2024-06-30,218763407
ARQ,2024-07-31,235702254
ARQ,2024-08-31,234307920
ARQ,2024-09-30,201669720
ARQ,2024-10-31,201326160
ARQ,2024-11-30,278516040
ARQ,2024-12-31,273458680
ARQ,2025-01-31,225413760
ARQ,2025-02-28,188567280
ARQ,2025-03-31,150332670
ARQ,2025-04-30,136633290
ARQ,2025-05-31,204130680
ARQ,2025-06-30,200824920
ARQT,2024-06-30,1148371895
ARQT,2024-07-31,1251724332
ARQT,2024-08-31,1352409208
ARQT,2024-09-30,1156011548
ARQT,2024-10-31,1032952254
ARQT,2024-11-30,1620902213
ARQT,2024-12-31,1731531275
ARQT,2025-01-31,1645762677
ARQT,2025-02-28,1655909995
ARQT,2025-03-31,1891777380
ARQT,2025-04-30,1862535729
ARQT,2025-05-31,1643520680
ARQT,2025-06-30,1741829432
ARR,2024-06-30,945162600
ARR,2024-07-31,1043269400
ARR,2024-08-31,1056181150
ARR,2024-09-30,1064023199
ARR,2024-10-31,977962500
ARR,2024-11-30,986829360
ARR,2024-12-31,1418686920
ARR,2025-01-31,1415678040
ARR,2025-02-28,1432979100
ARR,2025-03-31,1286296200
ARR,2025-04-30,1238906340
ARR,2025-05-31,1219348620
ARR,2025-06-30,1238154120
ARRY,2024-06-30,1557437220
ARRY,2024-07-31,1598229960
ARRY,2024-08-31,1019403330
ARRY,2024-09-30,1001576400
ARRY,2024-10-31,990953620
ARRY,2024-11-30,1018269340
ARRY,2024-12-31,916594160
ARRY,2025-01-31,1112356820
ARRY,2025-02-28,801261120
ARRY,2025-03-31,739041980
ARRY,2025-04-30,725384120
ARRY,2025-05-31,1003701600
ARRY,2025-06-30,1125362400
ARTV,2024-07-31,207482621
ARTV,2024-08-31,202910970
ARTV,2024-09-30,271661567
ARTV,2024-10-31,178294388
ARTV,2024-11-30,241501474
ARTV,2024-12-31,190480036
ARTV,2025-01-31,95995891
ARTV,2025-02-28,78421840
ARTV,2025-03-31,33776553
ARTV,2025-04-30,26908653
ARTV,2025-05-31,21729582
ARTV,2025-06-30,17788984
ARVN,2024-06-30,1908654000
ARVN,2024-07-31,1977969000
ARVN,2024-08-31,1880904000
ARVN,2024-09-30,1770897000
ARVN,2024-10-31,1905603000
ARVN,2024-11-30,1926512000
ARVN,2024-12-31,1382157000
ARVN,2025-01-31,1269681000
ARVN,2025-02-28,1272630000
ARVN,2025-03-31,504737999
ARVN,2025-04-30,697450000
ARVN,2025-05-31,522000000
ARVN,2025-06-30,539400000
ARWR,2024-06-30,3227932010
ARWR,2024-07-31,3484077240
ARWR,2024-08-31,2907057445
ARWR,2024-09-30,2418305760
ARWR,2024-10-31,2400827040
ARWR,2024-11-30,3249793440
ARWR,2024-12-31,2528299200
ARWR,2025-01-31,2673541920
ARWR,2025-02-28,2543092440
ARWR,2025-03-31,1713326160
ARWR,2025-04-30,1867982760
ARWR,2025-05-31,2143143410
ARWR,2025-06-30,2043121160
ASAN,2024-06-30,3176695310
ASAN,2024-07-31,3303853950
ASAN,2024-08-31,3192590140
ASAN,2024-09-30,2662918400
ASAN,2024-10-31,2743334400
ASAN,2024-11-30,3517625600
ASAN,2024-12-31,4654478480
ASAN,2025-01-31,4900176160
ASAN,2025-02-28,4420262000
ASAN,2025-03-31,3371206600
ASAN,2025-04-30,3734473200
ASAN,2025-05-31,4144015800
ASAN,2025-06-30,3042647000
ASB,2024-06-30,3169792800
ASB,2024-07-31,3452676060
ASB,2024-08-31,3437651360
ASB,2024-09-30,3272636820
ASB,2024-10-31,3606889420
ASB,2024-11-30,4055091770
ASB,2024-12-31,3631198700
ASB,2025-01-31,3819595620
ASB,2025-02-28,3775535050
ASB,2025-03-31,3423050490
ASB,2025-04-30,3644929680
ASB,2025-05-31,3828332760
ASB,2025-06-30,3813462239
ASC,2024-06-30,932108614
ASC,2024-07-31,905096141
ASC,2024-08-31,788201805
ASC,2024-09-30,755638383
ASC,2024-10-31,589063955
ASC,2024-11-30,470228441
ASC,2024-12-31,511942254
ASC,2025-01-31,500144408
ASC,2025-02-28,377179904
ASC,2025-03-31,407570779
ASC,2025-04-30,397162945
ASC,2025-05-31,390396640
ASC,2025-06-30,411521120
ASGN,2024-06-30,4099905000
ASGN,2024-07-31,4326419000
ASGN,2024-08-31,4394512000
ASGN,2024-09-30,4260611000
ASGN,2024-10-31,4181339999
ASGN,2024-11-30,4073975000
ASGN,2024-12-31,3708630000
ASGN,2025-01-31,3925344999
ASGN,2025-02-28,2971458000
ASGN,2025-03-31,2779182000
ASGN,2025-04-30,2201606000
ASGN,2025-05-31,2307797000
ASGN,2025-06-30,2122946000
ASIX,2024-06-30,616058887
ASIX,2024-07-31,750698829
ASIX,2024-08-31,793373521
ASIX,2024-09-30,815381853
ASIX,2024-10-31,760053634
ASIX,2024-11-30,869895717
ASIX,2024-12-31,763268524
ASIX,2025-01-31,838014722
ASIX,2025-02-28,748400681
ASIX,2025-03-31,607137372
ASIX,2025-04-30,574873087
ASIX,2025-05-31,630964812
ASIX,2025-06-30,628549379
ASLE,2024-06-30,366963164
ASLE,2024-07-31,358625546
ASLE,2024-08-31,270831458
ASLE,2024-09-30,268774948
ASLE,2024-10-31,280483955
ASLE,2024-11-30,335303400
ASLE,2024-12-31,329731025
ASLE,2025-01-31,354330006
ASLE,2025-02-28,366367806
ASLE,2025-03-31,392013552
ASLE,2025-04-30,364797658
ASLE,2025-05-31,308272339
ASLE,2025-06-30,304608661
ASO,2024-06-30,3940127250
ASO,2024-07-31,4000801510
ASO,2024-08-31,4105131640
ASO,2024-09-30,4191940440
ASO,2024-10-31,3653222940
ASO,2024-11-30,3537578250
ASO,2024-12-31,4045452070
ASO,2025-01-31,3678386890
ASO,2025-02-28,3487119210
ASO,2025-03-31,3253954230
ASO,2025-04-30,2608548720
ASO,2025-05-31,2832158390
ASO,2025-06-30,3046076000
ASPI,2024-06-30,136359242
ASPI,2024-07-31,118088886
ASPI,2024-08-31,116452341
ASPI,2024-09-30,136598105
ASPI,2024-10-31,343460702
ASPI,2024-11-30,341503554
ASPI,2024-12-31,278740739
ASPI,2025-01-31,353809989
ASPI,2025-02-28,292893138
ASPI,2025-03-31,261100765
ASPI,2025-04-30,373189887
ASPI,2025-05-31,534340066
ASPI,2025-06-30,535046865
ASPN,2024-06-30,1806944998
ASPN,2024-07-31,1546320646
ASPN,2024-08-31,2190103107
ASPN,2024-09-30,2113766296
ASPN,2024-10-31,1375563458
ASPN,2024-11-30,1128667151
ASPN,2024-12-31,905984172
ASPN,2025-01-31,891494526
ASPN,2025-02-28,615721188
ASPN,2025-03-31,517011615
ASPN,2025-04-30,436911224
ASPN,2025-05-31,472698293
ASPN,2025-06-30,475160264
ASTE,2024-06-30,675123826
ASTE,2024-07-31,798722018
ASTE,2024-08-31,771213342
ASTE,2024-09-30,728127524
ASTE,2024-10-31,724480047
ASTE,2024-11-30,880939620
ASTE,2024-12-31,766629662
ASTE,2025-01-31,796519092
ASTE,2025-02-28,811971180
ASTE,2025-03-31,786183450
ASTE,2025-04-30,827239589
ASTE,2025-05-31,897108570
ASTE,2025-06-30,887975370
ASTH,2024-06-30,1931268293
ASTH,2024-07-31,2501651678
ASTH,2024-08-31,2278954131
ASTH,2024-09-30,2777056783
ASTH,2024-10-31,2577668516
ASTH,2024-11-30,2072966964
ASTH,2024-12-31,1528280603
ASTH,2025-01-31,1787114045
ASTH,2025-02-28,1230185909
ASTH,2025-03-31,1503075848
ASTH,2025-04-30,1510831157
ASTH,2025-05-31,1201588206
ASTH,2025-06-30,1163296368
ASTS,2024-06-30,3475846530
ASTS,2024-07-31,6825330289
ASTS,2024-08-31,9584506364
ASTS,2024-09-30,8567265613
ASTS,2024-10-31,7800634579
ASTS,2024-11-30,7800634579
ASTS,2024-12-31,6912784108
ASTS,2025-01-31,6631030823
ASTS,2025-02-28,8881780909
ASTS,2025-03-31,7450081072
ASTS,2025-04-30,7604062519
ASTS,2025-05-31,10956812893
ASTS,2025-06-30,15077034012
ASUR,2024-06-30,217056000
ASUR,2024-07-31,272218700
ASUR,2024-08-31,227025110
ASUR,2024-09-30,240748100
ASUR,2024-10-31,263891840
ASUR,2024-11-30,260433579
ASUR,2024-12-31,250324820
ASUR,2025-01-31,314435640
ASUR,2025-02-28,279054980
ASUR,2025-03-31,254049100
ASUR,2025-04-30,273923760
ASUR,2025-05-31,261521699
ASUR,2025-06-30,250737300
ATEC,2024-06-30,1473241000
ATEC,2024-07-31,1441138700
ATEC,2024-08-31,984540300
ATEC,2024-09-30,793339720
ATEC,2024-10-31,1126412200
ATEC,2024-11-30,1503796160
ATEC,2024-12-31,1317256560
ATEC,2025-01-31,1691770679
ATEC,2025-02-28,1811624990
ATEC,2025-03-31,1466071620
ATEC,2025-04-30,1611117360
ATEC,2025-05-31,1823878760
ATEC,2025-06-30,1605248080
ATEN,2024-06-30,1029969100
ATEN,2024-07-31,973450940
ATEN,2024-08-31,1024019820
ATEN,2024-09-30,1073845040
ATEN,2024-10-31,1089461900
ATEN,2024-11-30,1258682150
ATEN,2024-12-31,1358343200
ATEN,2025-01-31,1447669030
ATEN,2025-02-28,1532035890
ATEN,2025-03-31,1204110940
ATEN,2025-04-30,1212186400
ATEN,2025-05-31,1269559300
ATEN,2025-06-30,1307807900
ATEX,2024-06-30,731753530
ATEX,2024-07-31,744137335
ATEX,2024-08-31,655732613
ATEX,2024-09-30,696219064
ATEX,2024-10-31,600456590
ATEX,2024-11-30,644936802
ATEX,2024-12-31,570034920
ATEX,2025-01-31,531004162
ATEX,2025-02-28,725779704
ATEX,2025-03-31,681116337
ATEX,2025-04-30,555500619
ATEX,2025-05-31,494832880
ATEX,2025-06-30,513814810
ATGE,2024-06-30,2640613729
ATGE,2024-07-31,3035486330
ATGE,2024-08-31,2849875820
ATGE,2024-09-30,2841218160
ATGE,2024-10-31,3052383320
ATGE,2024-11-30,3448076610
ATGE,2024-12-31,3426952850
ATGE,2025-01-31,4010411550
ATGE,2025-02-28,3829974850
ATGE,2025-03-31,3767458400
ATGE,2025-04-30,3975597000
ATGE,2025-05-31,4903594200
ATGE,2025-06-30,4645471200
ATKR,2024-06-30,4959713492
ATKR,2024-07-31,4962286530
ATKR,2024-08-31,3430594087
ATKR,2024-09-30,2948443560
ATKR,2024-10-31,2983933440
ATKR,2024-11-30,3281422140
ATKR,2024-12-31,2843475300
ATKR,2025-01-31,2774986560
ATKR,2025-02-28,2095551000
ATKR,2025-03-31,2044099260
ATKR,2025-04-30,2176306380
ATKR,2025-05-31,2218217400
ATKR,2025-06-30,2262172860
ATLC,2024-06-30,416246780
ATLC,2024-07-31,527249800
ATLC,2024-08-31,521059000
ATLC,2024-09-30,522839055
ATLC,2024-10-31,554286900
ATLC,2024-11-30,868318225
ATLC,2024-12-31,831355829
ATLC,2025-01-31,886352298
ATLC,2025-02-28,818687266
ATLC,2025-03-31,762349420
ATLC,2025-04-30,817047805
ATLC,2025-05-31,731050617
ATLC,2025-06-30,759517624
ATLO,2024-06-30,184249501
ATLO,2024-07-31,196299005
ATLO,2024-08-31,170671329
ATLO,2024-09-30,163927204
ATLO,2024-10-31,150756000
ATLO,2024-11-30,152776917
ATLO,2024-12-31,147741303
ATLO,2025-01-31,163027987
ATLO,2025-02-28,168782974
ATLO,2025-03-31,157527330
ATLO,2025-04-30,153257638
ATLO,2025-05-31,153610767
ATLO,2025-06-30,153111517
ATMU,2024-06-30,2398983665
ATMU,2024-07-31,2572056000
ATMU,2024-08-31,2989890000
ATMU,2024-09-30,3130002000
ATMU,2024-10-31,3247596000
ATMU,2024-11-30,3601728000
ATMU,2024-12-31,3259776000
ATMU,2025-01-31,3479424000
ATMU,2025-02-28,3303400000
ATMU,2025-03-31,3048589999
ATMU,2025-04-30,2870676000
ATMU,2025-05-31,2982456000
ATMU,2025-06-30,2901312000
ATNI,2024-06-30,347791200
ATNI,2024-07-31,448432380
ATNI,2024-08-31,404450640
ATNI,2024-09-30,488786760
ATNI,2024-10-31,316789440
ATNI,2024-11-30,298954920
ATNI,2024-12-31,254066339
ATNI,2025-01-31,235022700
ATNI,2025-02-28,261169920
ATNI,2025-03-31,306965340
ATNI,2025-04-30,267667390
ATNI,2025-05-31,215011510
ATNI,2025-06-30,230899060
ATNM,2024-06-30,206359996
ATNM,2024-07-31,192974483
ATNM,2024-08-31,59905095
ATNM,2024-09-30,56593758
ATNM,2024-10-31,54185513
ATNM,2024-11-30,44742667
ATNM,2024-12-31,39149834
ATNM,2025-01-31,36042704
ATNM,2025-02-28,35731991
ATNM,2025-03-31,50024788
ATNM,2025-04-30,47417754
ATNM,2025-05-31,48041672
ATNM,2025-06-30,46793836
ATOS,2024-06-30,149621246
ATOS,2024-07-31,169793096
ATOS,2024-08-31,172308549
ATOS,2024-09-30,191174449
ATOS,2024-10-31,173566276
ATOS,2024-11-30,163504463
ATOS,2024-12-31,118741972
ATOS,2025-01-31,105888005
ATOS,2025-02-28,96304128
ATOS,2025-03-31,84632425
ATOS,2025-04-30,113693349
ATOS,2025-05-31,100378010
ATOS,2025-06-30,102044303
ATRC,2024-06-30,1068117930
ATRC,2024-07-31,1016054850
ATRC,2024-08-31,1234622050
ATRC,2024-09-30,1320824200
ATRC,2024-10-31,1562943900
ATRC,2024-11-30,1703316799
ATRC,2024-12-31,1439528800
ATRC,2025-01-31,1878076349
ATRC,2025-02-28,1824847700
ATRC,2025-03-31,1519607300
ATRC,2025-04-30,1417524630
ATRC,2025-05-31,1638376010
ATRC,2025-06-30,1488140200
ATRO,2024-06-30,701190210
ATRO,2024-07-31,806303330
ATRO,2024-08-31,784946620
ATRO,2024-09-30,686767400
ATRO,2024-10-31,613084450
ATRO,2024-11-30,569368250
ATRO,2024-12-31,562669800
ATRO,2025-01-31,624013500
ATRO,2025-02-28,705452550
ATRO,2025-03-31,852113350
ATRO,2025-04-30,799935950
ATRO,2025-05-31,1100661100
ATRO,2025-06-30,1165882850
ATSG,2024-06-30,901175510
ATSG,2024-07-31,1048664220
ATSG,2024-08-31,1096372080
ATSG,2024-09-30,1052803320
ATSG,2024-10-31,1121082720
ATSG,2024-11-30,1428190560
ATSG,2024-12-31,1429491280
ATSG,2025-01-31,1445099920
ATSG,2025-02-28,1452030580
ATSG,2025-03-31,1459183440
ATSG,2025-04-30,1461784480
ATXS,2024-06-30,514022254
ATXS,2024-07-31,659756036
ATXS,2024-08-31,690823315
ATXS,2024-09-30,621340751
ATXS,2024-10-31,630934568
ATXS,2024-11-30,586351535
ATXS,2024-12-31,518567489
ATXS,2025-01-31,455921752
ATXS,2025-02-28,373554209
ATXS,2025-03-31,309748366
ATXS,2025-04-30,299307409
ATXS,2025-05-31,276105285
ATXS,2025-06-30,339911128
AUB,2024-06-30,2948894108
AUB,2024-07-31,3707038124
AUB,2024-08-31,3562491470
AUB,2024-09-30,3313651155
AUB,2024-10-31,3325086638
AUB,2024-11-30,3732365769
AUB,2024-12-31,3332123859
AUB,2025-01-31,3322447681
AUB,2025-02-28,3137720645
AUB,2025-03-31,2739238040
AUB,2025-04-30,2386354390
AUB,2025-05-31,2678453325
AUB,2025-06-30,2664168920
AUPH,2024-06-30,822314230
AUPH,2024-07-31,842762760
AUPH,2024-08-31,976056870
AUPH,2024-09-30,1050586910
AUPH,2024-10-31,1033387670
AUPH,2024-11-30,1267431860
AUPH,2024-12-31,1284597980
AUPH,2025-01-31,1137255450
AUPH,2025-02-28,1130323050
AUPH,2025-03-31,1143119159
AUPH,2025-04-30,1171554960
AUPH,2025-05-31,1089109280
AUPH,2025-06-30,1079385090
AUR,2024-06-30,4257490000
AUR,2024-07-31,6216000000
AUR,2024-08-31,7257180000
AUR,2024-09-30,9199680000
AUR,2024-10-31,8616400000
AUR,2024-11-30,10720790000
AUR,2024-12-31,10439100000
AUR,2025-01-31,11267600000
AUR,2025-02-28,11904625000
AUR,2025-03-31,11020375000
AUR,2025-04-30,12467280000
AUR,2025-05-31,10568640000
AUR,2025-06-30,9103680000
AURA,2024-06-30,373856689
AURA,2024-07-31,504904338
AURA,2024-08-31,393907554
AURA,2024-09-30,441473749
AURA,2024-10-31,517282372
AURA,2024-11-30,462367482
AURA,2024-12-31,408234233
AURA,2025-01-31,389858726
AURA,2025-02-28,371979854
AURA,2025-03-31,290951812
AURA,2025-04-30,290788052
AURA,2025-05-31,293739227
AURA,2025-06-30,302761933
AVA,2024-06-30,2713077900
AVA,2024-07-31,3088794480
AVA,2024-08-31,3046223040
AVA,2024-09-30,3101511250
AVA,2024-10-31,2999861719
AVA,2024-11-30,3096708910
AVA,2024-12-31,2931828570
AVA,2025-01-31,2931028180
AVA,2025-02-28,3199158830
AVA,2025-03-31,3351232930
AVA,2025-04-30,3319217330
AVA,2025-05-31,3089195180
AVA,2025-06-30,3002559740
AVAH,2024-06-30,530585159
AVAH,2024-07-31,809334610
AVAH,2024-08-31,1088190000
AVAH,2024-09-30,1001520000
AVAH,2024-10-31,895590000
AVAH,2024-11-30,1123427410
AVAH,2024-12-31,883659770
AVAH,2025-01-31,889460599
AVAH,2025-02-28,823717860
AVAH,2025-03-31,1048059980
AVAH,2025-04-30,891431090
AVAH,2025-05-31,1037596430
AVAH,2025-06-30,918847120
AVAV,2024-06-30,5085228836
AVAV,2024-07-31,4984171917
AVAV,2024-08-31,5688220397
AVAV,2024-09-30,5605918246
AVAV,2024-10-31,6010215392
AVAV,2024-11-30,5438160094
AVAV,2024-12-31,4310453206
AVAV,2025-01-31,5045994834
AVAV,2025-02-28,4190850664
AVAV,2025-03-31,3341122280
AVAV,2025-04-30,4247393639
AVAV,2025-05-31,4990519335
AVAV,2025-06-30,5316250024
AVBP,2024-06-30,621309990
AVBP,2024-07-31,733513125
AVBP,2024-08-31,895697975
AVBP,2024-09-30,787463615
AVBP,2024-10-31,983156700
AVBP,2024-11-30,1006111027
AVBP,2024-12-31,894619418
AVBP,2025-01-31,958424857
AVBP,2025-02-28,792866534
AVBP,2025-03-31,620927666
AVBP,2025-04-30,713949280
AVBP,2025-05-31,720350987
AVBP,2025-06-30,854929501
AVD,2024-06-30,239458400
AVD,2024-07-31,267859279
AVD,2024-08-31,160857760
AVD,2024-09-30,148527200
AVD,2024-10-31,146565520
AVD,2024-11-30,169319730
AVD,2024-12-31,130440990
AVD,2025-01-31,174109140
AVD,2025-02-28,144809220
AVD,2025-03-31,123961200
AVD,2025-04-30,118890060
AVD,2025-05-31,138611160
AVD,2025-06-30,104602700
AVDL,2024-06-30,1351883060
AVDL,2024-07-31,1573542000
AVDL,2024-08-31,1460871000
AVDL,2024-09-30,1264702400
AVDL,2024-10-31,1491230650
AVDL,2024-11-30,1066128700
AVDL,2024-12-31,1013111450
AVDL,2025-01-31,761520500
AVDL,2025-02-28,762484450
AVDL,2025-03-31,754772850
AVDL,2025-04-30,856951550
AVDL,2025-05-31,880035110
AVDL,2025-06-30,886797180
AVDX,2024-06-30,2496733162
AVDX,2024-07-31,1852689428
AVDX,2024-08-31,1672394148
AVDX,2024-09-30,1664364182
AVDX,2024-10-31,1691043263
AVDX,2024-11-30,2347759093
AVDX,2024-12-31,2122013026
AVDX,2025-01-31,2175371188
AVDX,2025-02-28,1559700097
AVDX,2025-03-31,1740296950
AVDX,2025-04-30,1668468656
AVDX,2025-05-31,2007135109
AVDX,2025-06-30,2003034731
AVIR,2024-06-30,277762598
AVIR,2024-07-31,320559857
AVIR,2024-08-31,324376745
AVIR,2024-09-30,282249895
AVIR,2024-10-31,272981988
AVIR,2024-11-30,288723240
AVIR,2024-12-31,282813700
AVIR,2025-01-31,258331320
AVIR,2025-02-28,255798659
AVIR,2025-03-31,252544546
AVIR,2025-04-30,249166024
AVIR,2025-05-31,252922984
AVIR,2025-06-30,276767575
AVNS,2024-06-30,920304000
AVNS,2024-07-31,1097928000
AVNS,2024-08-31,1111698000
AVNS,2024-09-30,1102977000
AVNS,2024-10-31,859280000
AVNS,2024-11-30,881360000
AVNS,2024-12-31,732320000
AVNS,2025-01-31,792120000
AVNS,2025-02-28,692300000
AVNS,2025-03-31,659180000
AVNS,2025-04-30,577300000
AVNS,2025-05-31,579477000
AVNS,2025-06-30,559654000
AVNT,2024-06-30,3980880000
AVNT,2024-07-31,4125888000
AVNT,2024-08-31,4485569000
AVNT,2024-09-30,4594216000
AVNT,2024-10-31,4255493000
AVNT,2024-11-30,4679125000
AVNT,2024-12-31,3730518000
AVNT,2025-01-31,3916770000
AVNT,2025-02-28,3909178000
AVNT,2025-03-31,3396423999
AVNT,2025-04-30,3044534000
AVNT,2025-05-31,3305895000
AVNT,2025-06-30,3059760000
AVNW,2024-06-30,360202950
AVNW,2024-07-31,389205000
AVNW,2024-08-31,344634750
AVNW,2024-09-30,271564650
AVNW,2024-10-31,326527931
AVNW,2024-11-30,200186180
AVNW,2024-12-31,229019060
AVNW,2025-01-31,240906300
AVNW,2025-02-28,265580770
AVNW,2025-03-31,243248130
AVNW,2025-04-30,222818839
AVNW,2025-05-31,272179050
AVNW,2025-06-30,286771400
AVO,2024-06-30,700102431
AVO,2024-07-31,796472806
AVO,2024-08-31,759625310
AVO,2024-09-30,909062559
AVO,2024-10-31,836734648
AVO,2024-11-30,943099222
AVO,2024-12-31,1035837495
AVO,2025-01-31,857070829
AVO,2025-02-28,890229162
AVO,2025-03-31,743688362
AVO,2025-04-30,743688362
AVO,2025-05-31,793362203
AVO,2025-06-30,891290632
AVPT,2024-06-30,1904817680
AVPT,2024-07-31,2005011400
AVPT,2024-08-31,2124576300
AVPT,2024-09-30,2196340850
AVPT,2024-10-31,2265384700
AVPT,2024-11-30,3293578249
AVPT,2024-12-31,3080848550
AVPT,2025-01-31,3504441900
AVPT,2025-02-28,2787878700
AVPT,2025-03-31,2694576200
AVPT,2025-04-30,3050991750
AVPT,2025-05-31,3691282599
AVPT,2025-06-30,3554715040
AVTE,2024-06-30,46141072
AVTE,2024-07-31,50588405
AVTE,2024-08-31,55499162
AVTE,2024-09-30,60100129
AVTE,2024-10-31,70452305
AVTE,2024-11-30,75910550
AVTE,2024-12-31,76487816
AVTE,2025-01-31,75621916
AVTE,2025-02-28,70137884
AVTE,2025-03-31,71813610
AVTE,2025-04-30,2718794782
AVXL,2024-06-30,356739084
AVXL,2024-07-31,571211485
AVXL,2024-08-31,505690167
AVXL,2024-09-30,481697932
AVXL,2024-10-31,561415547
AVXL,2024-11-30,802264514
AVXL,2024-12-31,910816160
AVXL,2025-01-31,786151378
AVXL,2025-02-28,670815254
AVXL,2025-03-31,727635256
AVXL,2025-04-30,805656753
AVXL,2025-05-31,640605480
AVXL,2025-06-30,773320560
AWR,2024-06-30,2707514129
AWR,2024-07-31,3100156920
AWR,2024-08-31,3058460880
AWR,2024-09-30,3160439050
AWR,2024-10-31,3128944700
AWR,2024-11-30,3237087950
AWR,2024-12-31,2949085400
AWR,2025-01-31,2826902500
AWR,2025-02-28,2904310300
AWR,2025-03-31,2985512600
AWR,2025-04-30,3077718950
AWR,2025-05-31,3017014110
AWR,2025-06-30,2974553280
AX,2024-06-30,3253666657
AX,2024-07-31,4157072949
AX,2024-08-31,3953233459
AX,2024-09-30,3580286906
AX,2024-10-31,3894511443
AX,2024-11-30,4764623052
AX,2024-12-31,4065778787
AX,2025-01-31,3992594119
AX,2025-02-28,3813889420
AX,2025-03-31,3683714751
AX,2025-04-30,3624336832
AX,2025-05-31,3965802084
AX,2025-06-30,4108369160
AXGN,2024-06-30,313007998
AXGN,2024-07-31,379587048
AXGN,2024-08-31,574830065
AXGN,2024-09-30,612860648
AXGN,2024-10-31,611986382
AXGN,2024-11-30,609961329
AXGN,2024-12-31,723177172
AXGN,2025-01-31,799093223
AXGN,2025-02-28,897981946
AXGN,2025-03-31,830218191
AXGN,2025-04-30,730143241
AXGN,2025-05-31,492272387
AXGN,2025-06-30,439835659
AXL,2024-06-30,819228000
AXL,2024-07-31,870796000
AXL,2024-08-31,756168000
AXL,2024-09-30,726768000
AXL,2024-10-31,664440000
AXL,2024-11-30,777210595
AXL,2024-12-31,685497393
AXL,2025-01-31,614948776
AXL,2025-02-28,583201898
AXL,2025-03-31,478554783
AXL,2025-04-30,449159526
AXL,2025-05-31,516180712
AXL,2025-06-30,492664507
AXSM,2024-06-30,3815181821
AXSM,2024-07-31,4137931985
AXSM,2024-08-31,4227357128
AXSM,2024-09-30,4275406090
AXSM,2024-10-31,4235444577
AXSM,2024-11-30,4728361776
AXSM,2024-12-31,4073169312
AXSM,2025-01-31,5125039652
AXSM,2025-02-28,6110983827
AXSM,2025-03-31,5588239327
AXSM,2025-04-30,5450770512
AXSM,2025-05-31,5139291501
AXSM,2025-06-30,4920837402
AZZ,2024-06-30,2306067000
AZZ,2024-07-31,2386965920
AZZ,2024-08-31,2482790840
AZZ,2024-09-30,2468304190
AZZ,2024-10-31,2276182220
AZZ,2024-11-30,2782930060
AZZ,2024-12-31,2449244160
AZZ,2025-01-31,2564949420
AZZ,2025-02-28,2873496780
AZZ,2025-03-31,2499771780
AZZ,2025-04-30,2593950480
AZZ,2025-05-31,2711449620
AZZ,2025-06-30,2615776020
BANC,2024-06-30,2152560960
BANC,2024-07-31,2356790340
BANC,2024-08-31,2397250260
BANC,2024-09-30,2483227590
BANC,2024-10-31,2589434880
BANC,2024-11-30,2904685090
BANC,2024-12-31,2606293180
BANC,2025-01-31,2701036080
BANC,2025-02-28,2507141480
BANC,2025-03-31,2392490760
BANC,2025-04-30,2271312600
BANC,2025-05-31,2311751400
BANC,2025-06-30,2325231000
BAND,2024-06-30,447215377
BAND,2024-07-31,617950379
BAND,2024-08-31,464681354
BAND,2024-09-30,474159120
BAND,2024-10-31,526186654
BAND,2024-11-30,575682938
BAND,2024-12-31,465911726
BAND,2025-01-31,486442501
BAND,2025-02-28,445277009
BAND,2025-03-31,365255405
BAND,2025-04-30,346295582
BAND,2025-05-31,406333696
BAND,2025-06-30,404304926
BANF,2024-06-30,2889538109
BANF,2024-07-31,3545316659
BANF,2024-08-31,3511325445
BANF,2024-09-30,3473374089
BANF,2024-10-31,3597992698
BANF,2024-11-30,4179509869
BANF,2024-12-31,3878325677
BANF,2025-01-31,3941210289
BANF,2025-02-28,3950477495
BANF,2025-03-31,3644665871
BANF,2025-04-30,3903487115
BANF,2025-05-31,4098628339
BANF,2025-06-30,3959817120
BANR,2024-06-30,1707197236
BANR,2024-07-31,2042389012
BANR,2024-08-31,2054459869
BANR,2024-09-30,2054114988
BANR,2024-10-31,2209305073
BANR,2024-11-30,2573267729
BANR,2024-12-31,2303486879
BANR,2025-01-31,2438186800
BANR,2025-02-28,2379880083
BANR,2025-03-31,2200129790
BANR,2025-04-30,2109930089
BANR,2025-05-31,2127530094
BANR,2025-06-30,2134443500
BARK,2024-06-30,317766378
BARK,2024-07-31,271349110
BARK,2024-08-31,292356783
BARK,2024-09-30,286211307
BARK,2024-10-31,254605150
BARK,2024-11-30,379273879
BARK,2024-12-31,323085156
BARK,2025-01-31,328352849
BARK,2025-02-28,296746692
BARK,2025-03-31,244069765
BARK,2025-04-30,198416427
BARK,2025-05-31,226510789
BARK,2025-06-30,141507786
BASE,2024-06-30,928009720
BASE,2024-07-31,994636890
BASE,2024-08-31,1016924220
BASE,2024-09-30,835515720
BASE,2024-10-31,847949620
BASE,2024-11-30,1082230660
BASE,2024-12-31,822621940
BASE,2025-01-31,936068839
BASE,2025-02-28,931319899
BASE,2025-03-31,831064500
BASE,2025-04-30,930792240
BASE,2025-05-31,953481620
BASE,2025-06-30,1292239340
BATRA,2024-06-30,2557242046
BATRA,2024-07-31,2841242554
BATRA,2024-08-31,2825930906
BATRA,2024-09-30,2612126923
BATRA,2024-10-31,2606549428
BATRA,2024-11-30,2610463890
BATRA,2024-12-31,2530456800
BATRA,2025-01-31,2647676490
BATRA,2025-02-28,2736986730
BATRA,2025-03-31,2720861270
BATRA,2025-04-30,2694812450
BATRA,2025-05-31,2718485226
BATRA,2025-06-30,3070105179
BATRK,2024-06-30,3520840000
BATRK,2024-07-31,3579536808
BATRK,2024-08-31,3703380341
BATRK,2024-09-30,4708806364
BATRK,2024-10-31,5353710100
BATRK,2024-11-30,6698559142
BATRK,2024-12-31,6243548825
BATRK,2025-01-31,6750848634
BATRK,2025-02-28,6730666724
BATRK,2025-03-31,6250887701
BATRK,2025-04-30,6560037856
BATRK,2025-05-31,6699941524
BATRK,2025-06-30,7330902433
BBAI,2024-06-30,371917739
BBAI,2024-07-31,377426828
BBAI,2024-08-31,397422951
BBAI,2024-09-30,365840570
BBAI,2024-10-31,398415415
BBAI,2024-11-30,573818428
BBAI,2024-12-31,1115062011
BBAI,2025-01-31,1062441107
BBAI,2025-02-28,1292970782
BBAI,2025-03-31,716646596
BBAI,2025-04-30,854463249
BBAI,2025-05-31,1042395049
BBAI,2025-06-30,1002302932
BBCP,2024-06-30,322730990
BBCP,2024-07-31,378792801
BBCP,2024-08-31,368570507
BBCP,2024-09-30,328817139
BBCP,2024-10-31,294399750
BBCP,2024-11-30,367071400
BBCP,2024-12-31,353279700
BBCP,2025-01-31,448760700
BBCP,2025-02-28,346914300
BBCP,2025-03-31,289625700
BBCP,2025-04-30,318270000
BBCP,2025-05-31,372906350
BBCP,2025-06-30,310843700
BBIO,2024-06-30,4526605502
BBIO,2024-07-31,4867874346
BBIO,2024-08-31,5224289038
BBIO,2024-09-30,4775956872
BBIO,2024-10-31,4391404178
BBIO,2024-11-30,5106745977
BBIO,2024-12-31,5172724607
BBIO,2025-01-31,6448939826
BBIO,2025-02-28,6611366586
BBIO,2025-03-31,6548852231
BBIO,2025-04-30,7293971905
BBIO,2025-05-31,6512474915
BBIO,2025-06-30,7934761407
BBNX,2025-01-31,0
BBNX,2025-02-28,908721109
BBNX,2025-03-31,81586540
BBNX,2025-04-30,479004682
BBNX,2025-05-31,529522617
BBNX,2025-06-30,549487217
BBSI,2024-06-30,854215590
BBSI,2024-07-31,952286520
BBSI,2024-08-31,954115830
BBSI,2024-09-30,978110760
BBSI,2024-10-31,943690440
BBSI,2024-11-30,1118921160
BBSI,2024-12-31,1132741440
BBSI,2025-01-31,1129873080
BBSI,2025-02-28,1049559000
BBSI,2025-03-31,1073027400
BBSI,2025-04-30,1050787920
BBSI,2025-05-31,1066685970
BBSI,2025-06-30,1054555740
BBUC,2024-06-30,2019304558
BBUC,2024-07-31,1645122779
BBUC,2024-08-31,1662631847
BBUC,2024-09-30,1847936142
BBUC,2024-10-31,1737045359
BBUC,2024-11-30,2012813165
BBUC,2024-12-31,1769874859
BBUC,2025-01-31,2360470094
BBUC,2025-02-28,2727346677
BBUC,2025-03-31,2632413653
BBUC,2025-04-30,2593847112
BBUC,2025-05-31,2821290816
BBUC,2025-06-30,2913257183
BBW,2024-06-30,351908933
BBW,2024-07-31,377671953
BBW,2024-08-31,456169678
BBW,2024-09-30,469698976
BBW,2024-10-31,520536340
BBW,2024-11-30,519169744
BBW,2024-12-31,618102285
BBW,2025-01-31,568428556
BBW,2025-02-28,549364585
BBW,2025-03-31,494253169
BBW,2025-04-30,469121652
BBW,2025-05-31,678683932
BBW,2025-06-30,702751682
BCAL,2024-06-30,249700219
BCAL,2024-07-31,437475276
BCAL,2024-08-31,415033543
BCAL,2024-09-30,409769432
BCAL,2024-10-31,403951205
BCAL,2024-11-30,496488724
BCAL,2024-12-31,458254659
BCAL,2025-01-31,459917010
BCAL,2025-02-28,443016445
BCAL,2025-03-31,397024744
BCAL,2025-04-30,456794231
BCAL,2025-05-31,482843006
BCAL,2025-06-30,469592294
BCAX,2024-09-30,1318350759
BCAX,2024-10-31,1287858704
BCAX,2024-11-30,1131177829
BCAX,2024-12-31,947920100
BCAX,2025-01-31,686650514
BCAX,2025-02-28,723649116
BCAX,2025-03-31,708958495
BCAX,2025-04-30,782302986
BCAX,2025-05-31,503722763
BCAX,2025-06-30,507534719
BCBP,2024-06-30,179965900
BCBP,2024-07-31,215623400
BCBP,2024-08-31,211032050
BCBP,2024-09-30,209841700
BCBP,2024-10-31,206853460
BCBP,2024-11-30,226107530
BCBP,2024-12-31,201741760
BCBP,2025-01-31,184532370
BCBP,2025-02-28,172605070
BCBP,2025-03-31,167846780
BCBP,2025-04-30,140668860
BCBP,2025-05-31,138615300
BCBP,2025-06-30,134165920
BCC,2024-06-30,4698698640
BCC,2024-07-31,5519912320
BCC,2024-08-31,5268565760
BCC,2024-09-30,5426320200
BCC,2024-10-31,5120324700
BCC,2024-11-30,5681124000
BCC,2024-12-31,4518700620
BCC,2025-01-31,4796224720
BCC,2025-02-28,3940842220
BCC,2025-03-31,3729087530
BCC,2025-04-30,3546225760
BCC,2025-05-31,3302916960
BCC,2025-06-30,3286189480
BCML,2024-06-30,234549053
BCML,2024-07-31,271114472
BCML,2024-08-31,259184985
BCML,2024-09-30,266950406
BCML,2024-10-31,277039777
BCML,2024-11-30,323194493
BCML,2024-12-31,299225256
BCML,2025-01-31,312046011
BCML,2025-02-28,306583255
BCML,2025-03-31,283474834
BCML,2025-04-30,289648868
BCML,2025-05-31,293880570
BCML,2025-06-30,298669075
BCO,2024-06-30,4567040000
BCO,2024-07-31,4861558000
BCO,2024-08-31,4903106000
BCO,2024-09-30,5049522247
BCO,2024-10-31,4488415702
BCO,2024-11-30,4222927158
BCO,2024-12-31,4050883594
BCO,2025-01-31,4075336487
BCO,2025-02-28,4106339261
BCO,2025-03-31,3762252134
BCO,2025-04-30,3896743041
BCO,2025-05-31,3536786000
BCO,2025-06-30,3710909999
BCPC,2024-06-30,4965041296
BCPC,2024-07-31,5733732600
BCPC,2024-08-31,5719839300
BCPC,2024-09-30,5686560000
BCPC,2024-10-31,5416974090
BCPC,2024-11-30,5843973960
BCPC,2024-12-31,5276799000
BCPC,2025-01-31,5178385080
BCPC,2025-02-28,5664328440
BCPC,2025-03-31,5402968000
BCPC,2025-04-30,5078481843
BCPC,2025-05-31,5407747833
BCPC,2025-06-30,5060964243
BCRX,2024-06-30,1273475520
BCRX,2024-07-31,1500145920
BCRX,2024-08-31,1793833250
BCRX,2024-09-30,1568830000
BCRX,2024-10-31,1653464250
BCRX,2024-11-30,1551787500
BCRX,2024-12-31,1555925600
BCRX,2025-01-31,1634549500
BCRX,2025-02-28,1779652560
BCRX,2025-03-31,1550220000
BCRX,2025-04-30,1835321850
BCRX,2025-05-31,2245481500
BCRX,2025-06-30,2109708200
BDC,2024-06-30,3844486800
BDC,2024-07-31,3771556100
BDC,2024-08-31,4365223200
BDC,2024-09-30,4766019700
BDC,2024-10-31,4645668260
BDC,2024-11-30,4993675200
BDC,2024-12-31,4594262780
BDC,2025-01-31,4751743060
BDC,2025-02-28,4435529360
BDC,2025-03-31,4041278000
BDC,2025-04-30,4141516260
BDC,2025-05-31,4265629200
BDC,2025-06-30,4411431780
BDN,2024-06-30,771487525
BDN,2024-07-31,869718205
BDN,2024-08-31,902505201
BDN,2024-09-30,938743459
BDN,2024-10-31,875430466
BDN,2024-11-30,966944893
BDN,2024-12-31,966944893
BDN,2025-01-31,947951333
BDN,2025-02-28,871963274
BDN,2025-03-31,770090337
BDN,2025-04-30,684745308
BDN,2025-05-31,731432488
BDN,2025-06-30,757369811
BDTX,2024-06-30,257023325
BDTX,2024-07-31,344133452
BDTX,2024-08-31,344698531
BDTX,2024-09-30,246244112
BDTX,2024-10-31,155105487
BDTX,2024-11-30,150010781
BDTX,2024-12-31,121260527
BDTX,2025-01-31,148459150
BDTX,2025-02-28,113894233
BDTX,2025-03-31,87828886
BDTX,2025-04-30,96328456
BDTX,2025-05-31,124660355
BDTX,2025-06-30,132026649
BE,2024-06-30,2761184880
BE,2024-07-31,3054447980
BE,2024-08-31,2705558970
BE,2024-09-30,2398883520
BE,2024-10-31,2180803200
BE,2024-11-30,6257419650
BE,2024-12-31,5062924970
BE,2025-01-31,5375226060
BE,2025-02-28,5475527140
BE,2025-03-31,5788477659
BE,2025-04-30,4217447200
BE,2025-05-31,4251978699
BE,2025-06-30,5007067500
BEAM,2024-06-30,1914198971
BEAM,2024-07-31,2584944748
BEAM,2024-08-31,2196096619
BEAM,2024-09-30,2016655441
BEAM,2024-10-31,1803466151
BEAM,2024-11-30,2255564300
BEAM,2024-12-31,2043770356
BEAM,2025-01-31,2136069662
BEAM,2025-02-28,2181588137
BEAM,2025-03-31,1617555669
BEAM,2025-04-30,1650685329
BEAM,2025-05-31,1392649173
BEAM,2025-06-30,1474466212
BECN,2024-06-30,5674350000
BECN,2024-07-31,6373600000
BECN,2024-08-31,5617200000
BECN,2024-09-30,5358660000
BECN,2024-10-31,5708340000
BECN,2024-11-30,7007240000
BECN,2024-12-31,6297960000
BECN,2025-01-31,7337080000
BECN,2025-02-28,7156040000
BECN,2025-03-31,7731250000
BECN,2025-04-30,7760625000
BELFA,2024-06-30,803272132
BELFA,2024-07-31,932088500
BELFA,2024-08-31,851266500
BELFA,2024-09-30,984829440
BELFA,2024-10-31,946068480
BELFA,2024-11-30,1005777920
BELFA,2024-12-31,1034503680
BELFA,2025-01-31,1017318399
BELFA,2025-02-28,1052567040
BELFA,2025-03-31,939043840
BELFA,2025-04-30,826860440
BELFA,2025-05-31,927813600
BELFA,2025-06-30,1137891720
BELFB,2024-06-30,803272132
BELFB,2024-07-31,932088500
BELFB,2024-08-31,851266500
BELFB,2024-09-30,984829440
BELFB,2024-10-31,946068480
BELFB,2024-11-30,1005777920
BELFB,2024-12-31,1034503680
BELFB,2025-01-31,1017318399
BELFB,2025-02-28,1052567040
BELFB,2025-03-31,939043840
BELFB,2025-04-30,826860440
BELFB,2025-05-31,927813600
BELFB,2025-06-30,1137891720
BFC,2024-06-30,828045440
BFC,2024-07-31,928059375
BFC,2024-08-31,941474689
BFC,2024-09-30,908089579
BFC,2024-10-31,921205316
BFC,2024-11-30,1069983829
BFC,2024-12-31,986041617
BFC,2025-01-31,1006839144
BFC,2025-02-28,1042264597
BFC,2025-03-31,1002460717
BFC,2025-04-30,1086446904
BFC,2025-05-31,1157297811
BFC,2025-06-30,1104060121
BFH,2024-06-30,2210176000
BFH,2024-07-31,2712626000
BFH,2024-08-31,2891049000
BFH,2024-09-30,2359968000
BFH,2024-10-31,2472560000
BFH,2024-11-30,2917968000
BFH,2024-12-31,2991940000
BFH,2025-01-31,3103170000
BFH,2025-02-28,2646000000
BFH,2025-03-31,2453920000
BFH,2025-04-30,2325050000
BFH,2025-05-31,2510760000
BFH,2025-06-30,2649430000
BFS,2024-06-30,885936380
BFS,2024-07-31,953629599
BFS,2024-08-31,984251840
BFS,2024-09-30,1011739520
BFS,2024-10-31,943743680
BFS,2024-11-30,991244320
BFS,2024-12-31,935545599
BFS,2025-01-31,880570240
BFS,2025-02-28,902994400
BFS,2025-03-31,869719840
BFS,2025-04-30,794694235
BFS,2025-05-31,814180320
BFS,2025-06-30,835453440
BFST,2024-06-30,546767589
BFST,2024-07-31,642248882
BFST,2024-08-31,616983387
BFST,2024-09-30,648565256
BFST,2024-10-31,661703314
BFST,2024-11-30,720066607
BFST,2024-12-31,649323221
BFST,2025-01-31,681915710
BFST,2025-02-28,670293582
BFST,2025-03-31,615214803
BFST,2025-04-30,676048847
BFST,2025-05-31,697752801
BFST,2025-06-30,681042600
BGC,2024-06-30,3905291100
BGC,2024-07-31,4377255120
BGC,2024-08-31,4695687360
BGC,2024-09-30,4362996960
BGC,2024-10-31,4436085950
BGC,2024-11-30,4611256900
BGC,2024-12-31,4289321100
BGC,2025-01-31,4516569900
BGC,2025-02-28,4687006500
BGC,2025-03-31,4546664631
BGC,2025-04-30,4297393560
BGC,2025-05-31,4446660480
BGC,2025-06-30,4518535380
BGS,2024-06-30,638990640
BGS,2024-07-31,682393679
BGS,2024-08-31,670519080
BGS,2024-09-30,702869760
BGS,2024-10-31,674375040
BGS,2024-11-30,528735360
BGS,2024-12-31,545357280
BGS,2025-01-31,512904960
BGS,2025-02-28,528735360
BGS,2025-03-31,543774240
BGS,2025-04-30,545357280
BGS,2025-05-31,333301490
BGS,2025-06-30,343593460
BH,2024-06-30,271080084
BH,2024-07-31,280958658
BH,2024-08-31,250504559
BH,2024-09-30,240735735
BH,2024-10-31,238356508
BH,2024-11-30,294506254
BH,2024-12-31,578637912
BH,2025-01-31,527939683
BH,2025-02-28,557771540
BH,2025-03-31,492737636
BH,2025-04-30,529987636
BH,2025-05-31,562368058
BH,2025-06-30,642989165
BHB,2024-06-30,409314044
BHB,2024-07-31,487741560
BHB,2024-08-31,489267660
BHB,2024-09-30,470649240
BHB,2024-10-31,490641150
BHB,2024-11-30,549243390
BHB,2024-12-31,466681380
BHB,2025-01-31,483468480
BHB,2025-02-28,490183319
BHB,2025-03-31,450199500
BHB,2025-04-30,453610560
BHB,2025-05-31,445040320
BHB,2025-06-30,436010960
